Date,AXISBANK.NS,HCLTECH.NS,HDFCBANK.NS,ICICIBANK.NS,INFY.NS,KOTAKBANK.NS,TCS.NS,WIPRO.NS
2021-01-01,620.7275390625,751.72607421875,663.9057006835938,505.9262390136719,1086.09716796875,396.46630859375,2521.074462890625,176.860595703125
2021-01-04,621.6231079101562,775.3731079101562,659.6895751953125,509.9544982910156,1110.052001953125,390.7997741699219,2616.811767578125,180.64297485351562
2021-01-05,661.1773681640625,784.033203125,664.67431640625,515.2774658203125,1114.8341064453125,389.64666748046875,2662.91552734375,185.15451049804688
2021-01-06,651.0274658203125,773.6331176757812,661.8092041015625,524.3409423828125,1104.752685546875,391.7641296386719,2627.18603515625,185.20005798339844
2021-01-07,667.7944946289062,761.2559814453125,659.805908203125,518.9700317382812,1087.5621337890625,388.185302734375,2611.086669921875,185.35955810546875
2021-01-08,669.38671875,786.64306640625,666.9805297851562,519.8811645507812,1130.6026611328125,391.82379150390625,2686.936279296875,196.0459442138672
2021-01-11,663.6650390625,834.4513549804688,676.2048950195312,522.4227294921875,1185.8360595703125,385.35205078125,2734.761474609375,203.61070251464844
2021-01-12,672.3718872070312,839.9876098632812,689.9718017578125,525.5877685546875,1182.001708984375,378.4527587890625,2733.384521484375,208.57794189453125
2021-01-13,684.4122924804688,835.123779296875,685.1499633789062,533.7401733398438,1195.271484375,374.2078857421875,2719.695068359375,209.1703338623047
2021-01-14,672.67041015625,812.7814331054688,684.2647094726562,530.6710815429688,1180.9244384765625,376.3055419921875,2804.0126953125,207.05133056640625
2021-01-15,671.5260620117188,782.8073120117188,683.2864990234375,520.7923583984375,1158.908935546875,370.5893249511719,2789.04638671875,199.8511199951172
2021-01-18,653.7640380859375,776.2431030273438,690.9501342773438,511.34521484375,1130.5596923828125,367.21923828125,2779.041015625,196.66114807128906
2021-01-19,665.4561157226562,778.1017456054688,700.6172485351562,524.101318359375,1134.5234375,375.18212890625,2812.639404296875,196.0687255859375
2021-01-20,672.4216918945312,790.2811889648438,695.0964965820312,528.465087890625,1154.169189453125,374.5061340332031,2854.12939453125,202.7676544189453
2021-01-21,672.5211181640625,788.7326049804688,687.0833740234375,530.0955200195312,1154.385009765625,369.3764953613281,2823.98193359375,203.15499877929688
2021-01-22,641.3256225585938,782.7772827148438,672.5244750976562,511.968505859375,1155.375732421875,363.4515075683594,2849.21240234375,203.13217163085938
2021-01-25,655.1571044921875,752.3651733398438,681.5159912109375,516.044677734375,1141.8045654296875,356.7709655761719,2839.033447265625,199.70668029785156
2021-01-27,628.9866333007812,758.7175903320312,656.7078247070312,500.98681640625,1121.0380859375,350.8658752441406,2812.94091796875,203.9086151123047
2021-01-28,667.396484375,741.6057739257812,638.9344482421875,506.64556884765625,1099.6685791015625,342.54510498046875,2757.30419921875,197.2631378173828
2021-01-29,659.6348876953125,725.7643432617188,647.8093872070312,515.0377197265625,1067.6573486328125,340.57672119140625,2683.811279296875,190.86888122558594
2021-02-01,705.8560791015625,737.1590576171875,687.9917602539062,579.105712890625,1086.485107421875,358.1826171875,2707.963623046875,192.51312255859375
2021-02-02,710.6823120117188,758.0426635742188,727.0326538085938,592.1015014648438,1095.4031982421875,370.0723571777344,2763.255615234375,195.64173889160156
2021-02-03,730.1857299804688,762.21142578125,733.671630859375,596.89697265625,1106.94970703125,368.2630615234375,2760.322998046875,197.99392700195312
2021-02-04,740.2359619140625,760.4248046875,735.6748657226562,602.6036987304688,1102.3828125,379.83465576171875,2750.31689453125,196.34967041015625
2021-02-05,716.0556030273438,751.2931518554688,744.293701171875,589.0324096679688,1096.1356201171875,394.2096862792969,2724.0078125,194.36288452148438
2021-02-08,732.524169921875,760.5042114257812,747.857666015625,603.8505249023438,1123.235595703125,389.12969970703125,2772.4423828125,198.81602478027344
2021-02-09,738.8428344726562,755.6207275390625,750.9325561523438,607.4470825195312,1124.9586181640625,387.5390930175781,2740.35400390625,200.6658172607422
2021-02-10,731.1807250976562,761.8540649414062,736.9094848632812,606.2962646484375,1117.160400390625,388.11566162109375,2771.75244140625,200.5059356689453
2021-02-11,736.4546508789062,770.5490112304688,732.5300903320312,604.8576049804688,1113.8431396484375,389.89520263671875,2765.455810546875,199.5924835205078
2021-02-12,746.7039794921875,762.6084594726562,737.002685546875,621.1143188476562,1128.6209716796875,387.9168701171875,2752.34326171875,201.87615966796875
2021-02-15,790.0892333984375,758.0426635742188,753.1454467773438,646.38671875,1128.4915771484375,394.8558654785156,2708.395263671875,200.82566833496094
2021-02-16,771.2325439453125,756.176513671875,757.82763671875,631.4246826171875,1111.9044189453125,401.55621337890625,2681.612060546875,199.8436737060547
2021-02-17,773.9192504882812,748.9508056640625,739.122314453125,630.465576171875,1104.0631103515625,395.5517272949219,2650.817626953125,196.48670959472656
2021-02-18,773.1729125976562,752.8414306640625,724.1209716796875,618.2849731445312,1113.670654296875,386.8034362792969,2637.23193359375,197.74270629882812
2021-02-19,745.9576416015625,754.4694213867188,717.0394897460938,598.527587890625,1112.679931640625,385.4713439941406,2649.7392578125,196.37254333496094
2021-02-22,715.9064331054688,730.6477661132812,721.1859130859375,584.908203125,1090.190185546875,387.62860107421875,2551.922119140625,191.23426818847656
2021-02-23,712.423583984375,722.5485229492188,712.404052734375,591.094482421875,1091.18115234375,372.3886413574219,2570.683349609375,189.772705078125
2021-02-24,745.7089233398438,727.3524780273438,748.416748046875,614.880126953125,1098.0316162109375,379.9936828613281,2542.99365234375,193.24388122558594
2021-02-25,766.854248046875,737.8735961914062,748.3934936523438,602.3160400390625,1098.2470703125,376.8721618652344,2583.70849609375,192.4217529296875
2021-02-26,721.2300415039062,722.151611328125,714.8499145507812,573.3031005859375,1079.9364013671875,353.97747802734375,2496.587158203125,187.397705078125
2021-03-01,724.9615478515625,738.7471313476562,726.2639770507812,583.4695434570312,1091.7412109375,366.9110412597656,2522.377685546875,189.2703094482422
2021-03-02,727.6482543945312,757.3279418945312,730.5967407226562,585.5316772460938,1124.0540771484375,366.76190185546875,2593.240234375,196.57803344726562
2021-03-03,750.2365112304688,766.4595336914062,739.2854614257812,606.248291015625,1157.702392578125,377.6674499511719,2638.740966796875,198.90737915039062
2021-03-04,733.1709594726562,760.70263671875,723.07275390625,595.3624877929688,1146.328369140625,377.3096008300781,2630.63330078125,200.41461181640625
2021-03-05,727.1507568359375,747.6007690429688,712.800048828125,584.5245971679688,1134.56640625,382.24041748046875,2594.706298828125,192.2162322998047
2021-03-08,739.638916015625,763.7994995117188,707.9082641601562,583.181884765625,1150.9815673828125,380.91827392578125,2593.757568359375,190.41213989257812
2021-03-09,741.7783813476562,772.732666015625,727.9412231445312,599.5346069335938,1159.4259033203125,393.46405029296875,2631.71142578125,191.462646484375
2021-03-10,757.0029907226562,784.9213256835938,724.7965087890625,600.0140380859375,1178.89990234375,390.481689453125,2648.96240234375,194.8881378173828
2021-03-12,746.9029541015625,777.5762939453125,723.026123046875,587.7855224609375,1184.672607421875,384.7555847167969,2637.748291015625,194.20301818847656
2021-03-15,740.7335815429688,787.9783935546875,712.171142578125,578.8179931640625,1183.595703125,381.4749450683594,2644.822509765625,194.72825622558594
2021-03-16,734.1162109375,799.809814453125,704.4840698242188,570.6176147460938,1192.55712890625,378.403076171875,2682.690185546875,196.07562255859375
2021-03-17,724.3148193359375,784.087646484375,696.6572265625,565.3905029296875,1195.14208984375,371.47406005859375,2685.191650390625,191.66815185546875
2021-03-18,715.2098388671875,752.5636596679688,694.630615234375,554.9363403320312,1152.1446533203125,363.9286804199219,2619.2470703125,187.3291778564453
2021-03-19,722.6728515625,762.6480102539062,697.6588745117188,562.6571044921875,1158.4779052734375,364.67425537109375,2631.064208984375,187.4890594482422
2021-03-22,712.6724243164062,777.1793212890625,684.451171875,549.9968872070312,1181.1829833984375,362.3877868652344,2699.5966796875,189.29315185546875
2021-03-23,726.9517211914062,778.8468017578125,698.8934936523438,562.4172973632812,1181.8291015625,360.3995056152344,2710.767333984375,189.772705078125
2021-03-24,702.9207763671875,774.7176513671875,688.9468994140625,544.290283203125,1166.4913330078125,354.39501953125,2692.2216796875,187.7174072265625
2021-03-25,691.1787719726562,759.9483032226562,681.7490234375,548.1746826171875,1149.301025390625,350.5080261230469,2643.701171875,182.5334930419922
2021-03-26,694.7611083984375,761.1393432617188,694.7704467773438,554.8883666992188,1151.368896484375,352.1283874511719,2645.383056640625,184.47457885742188
2021-03-30,691.9251708984375,790.7177734375,723.8413696289062,567.2607421875,1193.67724609375,354.1564025878906,2724.525390625,190.96018981933594
2021-03-31,694.0147705078125,780.2760009765625,695.8651733398438,558.2930908203125,1178.813232421875,348.5396728515625,2741.173828125,189.15611267089844
2021-04-01,709.4881591796875,796.117431640625,692.6506958007812,570.0901489257812,1193.591064453125,358.7890319824219,2730.08935546875,190.18374633789062
2021-04-05,681.8749389648438,820.6536865234375,675.3430786132812,547.8869018554688,1214.8743896484375,349.7723693847656,2793.833984375,194.31719970703125
2021-04-06,674.56103515625,816.6040649414062,670.9869995117188,542.7557373046875,1215.8656005859375,351.5816650390625,2816.089111328125,195.09364318847656
2021-04-07,684.860107421875,823.5916748046875,674.2249145507812,554.025146484375,1232.3665771484375,356.2937927246094,2821.868408203125,200.0492401123047
2021-04-08,678.2427368164062,823.8298950195312,667.5162963867188,553.1140747070312,1240.681640625,354.5541076660156,2861.50439453125,201.92181396484375
2021-04-09,664.9088134765625,830.102783203125,662.3683471679688,543.04345703125,1241.7158203125,357.73529052734375,2865.731201171875,205.57571411132812
2021-04-12,632.4694213867188,801.5169677734375,636.8845825195312,516.5242919921875,1228.5318603515625,346.45196533203125,2800.433349609375,197.5828857421875
2021-04-13,657.7443237304688,780.8717041015625,652.3984375,537.6725463867188,1203.88818359375,353.0827941894531,2677.5146484375,191.3484649658203
2021-04-15,665.5555419921875,787.62109375,666.25830078125,551.6754150390625,1172.5230712890625,352.5658264160156,2776.626220703125,196.715087890625
2021-04-16,665.9039306640625,804.1770629882812,665.5828857421875,543.7628173828125,1166.4913330078125,350.74658203125,2756.09619140625,214.29930114746094
2021-04-19,644.9575805664062,789.7650146484375,658.0122680664062,536.857177734375,1174.07421875,338.1510009765625,2727.329345703125,215.9207000732422
2021-04-20,648.5399169921875,763.3230590820312,648.228759765625,536.23388671875,1164.4234619140625,337.5446472167969,2712.448974609375,214.71035766601562
2021-04-22,655.4556274414062,763.7994995117188,662.7176513671875,555.5117797851562,1164.2078857421875,345.1695861816406,2690.2373046875,222.269287109375
2021-04-23,668.0432739257812,758.8367309570312,658.8275756835938,546.64013671875,1149.301025390625,344.8017578125,2682.215576171875,217.26805114746094
2021-04-26,697.0000610351562,737.516357421875,654.4716186523438,566.925048828125,1157.702392578125,349.8617858886719,2674.711669921875,219.3690185546875
2021-04-27,696.1043701171875,737.5560913085938,670.264892578125,574.2622680664062,1161.9674072265625,348.0028381347656,2701.6240234375,221.5385284423828
2021-04-28,704.662109375,733.5459594726562,688.01513671875,595.93798828125,1168.4302978515625,360.16094970703125,2694.8095703125,223.4796600341797
2021-04-29,715.856689453125,734.9602661132812,686.01171875,596.0338134765625,1168.7318115234375,358.8785095214844,2687.17578125,223.7308349609375
2021-04-30,711.3787841796875,726.3947143554688,657.9657592773438,575.940673828125,1167.0084228515625,347.7045593261719,2618.513427734375,225.05535888671875
2021-05-03,699.2886352539062,733.46533203125,658.9673461914062,572.3440551757812,1165.0264892578125,343.06201171875,2619.677978515625,222.58900451660156
2021-05-04,696.900390625,728.0108642578125,646.807861328125,567.356689453125,1145.5096435546875,344.4935607910156,2630.67578125,220.12265014648438
2021-05-05,713.66748046875,734.8389892578125,653.4466552734375,578.1465454101562,1155.935791015625,352.06878662109375,2670.3115234375,224.07337951660156
2021-05-06,712.224609375,740.1719970703125,652.6546630859375,583.3258056640625,1173.2554931640625,355.5481872558594,2683.89794921875,233.98451232910156
2021-05-07,713.2196655273438,740.4952392578125,659.1071166992188,582.270751953125,1165.4573974609375,353.97747802734375,2702.400390625,235.3318634033203
2021-05-10,711.72705078125,738.5155639648438,661.4830932617188,588.169189453125,1154.255859375,359.743408203125,2713.268310546875,240.21890258789062
2021-05-11,703.865966796875,733.1419677734375,653.8892211914062,584.908203125,1146.586669921875,349.0267639160156,2693.515625,236.7705841064453
2021-05-12,687.89501953125,732.17236328125,652.0023803710938,570.42578125,1143.4415283203125,341.749755859375,2663.3251953125,231.837890625
2021-05-14,681.6260986328125,735.6064453125,646.1090087890625,572.8715209960938,1134.3079833984375,339.3240966796875,2632.185791015625,227.6587677001953
2021-05-17,705.7566528320312,745.1416015625,670.9869995117188,598.0958862304688,1145.5096435546875,346.7799987792969,2647.927734375,228.2753448486328
2021-05-18,708.144775390625,752.7774658203125,687.968505859375,607.3032836914062,1154.6434326171875,348.95721435546875,2664.3603515625,232.0433807373047
2021-05-19,713.2694091796875,752.615966796875,679.349609375,599.8702392578125,1152.058349609375,344.0760192871094,2658.494140625,233.6876220703125
2021-05-20,702.4231567382812,746.9595947265625,667.5162963867188,593.3003540039062,1154.040283203125,339.6322937011719,2639.516845703125,232.13473510742188
2021-05-21,727.300048828125,752.0099487304688,697.565673828125,616.1749877929688,1167.1375732421875,349.4642028808594,2657.20068359375,234.16720581054688
2021-05-24,737.4995727539062,753.7471923828125,703.4590454101562,620.8745727539062,1161.579833984375,349.3349304199219,2658.063232421875,235.17202758789062
2021-05-25,727.9467163085938,760.0501098632812,689.0167236328125,623.7039794921875,1173.2554931640625,348.0426025390625,2699.23681640625,236.3823699951172
2021-05-26,731.479248046875,764.2518920898438,688.131591796875,625.8139038085938,1203.9742431640625,346.0841369628906,2737.809814453125,240.81265258789062
2021-05-27,746.6542358398438,761.5044555664062,690.740478515625,625.5741577148438,1208.2825927734375,353.3611755371094,2756.445068359375,247.047119140625
2021-05-28,736.2058715820312,761.625732421875,700.430908203125,616.7503662109375,1210.6954345703125,358.03350830078125,2724.893798828125,246.04226684570312
2021-05-31,747.0025024414062,763.7669677734375,706.207763671875,635.644775390625,1213.9178466796875,359.4153747558594,2738.373046875,246.20211791992188
2021-06-01,741.4797973632812,768.2113647460938,704.2743530273438,623.5121459960938,1208.2130126953125,357.2879333496094,2733.042236328125,247.9148712158203
2021-06-02,733.3699951171875,762.5953979492188,700.6870727539062,621.8336181640625,1200.7662353515625,354.5242614746094,2712.62841796875,248.0062255859375
2021-06-03,746.9527587890625,759.1207275390625,708.3975219726562,623.6559448242188,1210.3470458984375,360.70770263671875,2722.85693359375,246.20211791992188
2021-06-04,738.3950805664062,756.7774658203125,699.2661743164062,616.414794921875,1206.863037109375,360.1112365722656,2725.02392578125,247.18409729003906
2021-06-07,747.4004516601562,767.3224487304688,698.7537231445312,621.6898803710938,1210.3470458984375,360.8468933105469,2759.21923828125,250.40408325195312
2021-06-08,742.6738891601562,781.5440673828125,690.9268798828125,616.1270141601562,1230.6405029296875,356.6019592285156,2773.91162109375,251.47740173339844
2021-06-09,733.1212158203125,784.8568725585938,689.6456298828125,610.0846557617188,1232.6876220703125,354.4844970703125,2773.99853515625,248.55429077148438
2021-06-10,740.5842895507812,782.6348876953125,689.9951782226562,614.2088623046875,1240.526123046875,357.794921875,2788.34423828125,253.1444549560547
2021-06-11,734.8128662109375,794.5940551757812,692.4642944335938,609.7011108398438,1260.210205078125,356.76104736328125,2837.752685546875,253.16726684570312
2021-06-14,732.6236572265625,795.2808227539062,689.2496948242188,609.1736450195312,1273.1876220703125,351.5319519042969,2839.962646484375,256.50146484375
2021-06-15,747.2014770507812,796.2908935546875,694.2811279296875,618.9083862304688,1283.7264404296875,352.0986328125,2828.173583984375,254.81153869628906
2021-06-16,746.10693359375,791.40234375,691.6489868164062,613.9210815429688,1289.5618896484375,350.0506896972656,2838.228759765625,253.6012420654297
2021-06-17,734.9619750976562,797.0586547851562,683.0301513671875,607.1114501953125,1302.3651123046875,351.13427734375,2875.84814453125,255.17694091796875
2021-06-18,732.6732788085938,788.0488891601562,689.4127197265625,604.6178588867188,1309.3331298828125,350.0208740234375,2858.1220703125,251.11196899414062
2021-06-21,735.9073486328125,793.5031127929688,693.55908203125,605.4330444335938,1306.7200927734375,352.3272705078125,2837.1455078125,247.6179962158203
2021-06-22,735.7084350585938,791.9678344726562,691.2763061523438,605.0493774414062,1316.7796630859375,349.3548278808594,2861.50244140625,254.1949462890625
2021-06-23,728.7428588867188,786.14990234375,692.068359375,599.15087890625,1309.202392578125,345.298828125,2827.00390625,246.70452880859375
2021-06-24,735.5094604492188,799.7252807617188,701.7353515625,608.1184692382812,1358.020263671875,345.5373840332031,2924.259521484375,250.76950073242188
2021-06-25,757.6000366210938,804.5330810546875,705.8583984375,622.4570922851562,1371.0850830078125,344.9608154296875,2930.5009765625,250.06150817871094
2021-06-28,758.6448364257812,796.1697998046875,702.713623046875,623.7039794921875,1368.9947509765625,344.5730895996094,2892.317626953125,250.01583862304688
2021-06-29,748.246337890625,794.7960205078125,702.8073120117188,613.9210815429688,1361.373779296875,339.1650695800781,2895.87158203125,247.82351684570312
2021-06-30,744.6143188476562,794.7152709960938,700.865478515625,605.0973510742188,1376.83349609375,339.1650695800781,2900.118896484375,249.21653747558594
2021-07-01,742.7733764648438,796.33154296875,695.6484985351562,605.0493774414062,1359.0655517578125,341.2030334472656,2896.434814453125,246.339111328125
2021-07-02,746.9527587890625,795.6445922851562,692.67724609375,614.06494140625,1365.510986328125,341.0141296386719,2882.52294921875,245.99658203125
2021-07-05,756.6049194335938,791.6849365234375,699.7191162109375,621.3541259765625,1375.2220458984375,344.1853942871094,2878.6650390625,244.96893310546875
2021-07-06,754.61474609375,785.463134765625,718.084228515625,623.7039794921875,1360.6331787109375,349.00689697265625,2827.783935546875,243.25616455078125
2021-07-07,759.1423950195312,788.129638671875,720.330078125,627.2526245117188,1362.7235107421875,350.2892761230469,2838.748779296875,243.0506591796875
2021-07-08,750.6842651367188,789.3013305664062,711.4166259765625,615.6474609375,1359.370361328125,344.4239501953125,2824.490234375,242.525390625
2021-07-09,743.6689453125,789.3417358398438,702.7838745117188,612.4345092773438,1361.2431640625,341.9883728027344,2780.846435546875,240.15037536621094
2021-07-12,749.8881225585938,791.4427490234375,695.765380859375,619.8195190429688,1348.135009765625,344.35443115234375,2767.80126953125,240.1732177734375
2021-07-13,766.9537353515625,782.1502685546875,702.713623046875,637.7546997070312,1345.6090087890625,347.37652587890625,2762.989990234375,239.7165069580078
2021-07-14,766.2571411132812,799.5233154296875,701.4503784179688,637.1792602539062,1373.436767578125,347.5753173828125,2786.39404296875,256.547119140625
2021-07-15,770.3370361328125,840.1680908203125,711.5335693359375,640.1524658203125,1376.83349609375,347.953125,2782.39794921875,263.0327453613281
2021-07-16,767.3516845703125,812.0882568359375,712.3056030273438,633.2949829101562,1354.7542724609375,347.8437805175781,2775.31787109375,263.877685546875
2021-07-19,751.4803466796875,808.2097778320312,688.279052734375,629.074951171875,1342.7784423828125,342.53515625,2766.45751953125,262.0736083984375
2021-07-20,742.0768432617188,789.6246337890625,675.2479858398438,615.6474609375,1350.0509033203125,338.5288391113281,2784.873779296875,259.47021484375
2021-07-22,743.0719604492188,790.7559204101562,677.8448486328125,629.1228637695312,1385.0205078125,339.4334716796875,2794.038330078125,266.82366943359375
2021-07-23,751.6793212890625,803.1997680664062,675.0608520507812,648.9763793945312,1385.23828125,342.5649108886719,2790.998291015625,273.65179443359375
2021-07-26,752.574951171875,808.29052734375,671.22412109375,649.0721435546875,1396.9527587890625,346.0742492675781,2777.707275390625,269.6782531738281
2021-07-27,728.0961303710938,806.4207153320312,673.6571044921875,649.7435302734375,1395.777099609375,337.59429931640625,2765.0234375,270.1349792480469
2021-07-28,719.3394165039062,799.1857299804688,663.15283203125,657.0326538085938,1398.433349609375,328.62738037109375,2777.92431640625,270.36334228515625
2021-07-29,713.7172241210938,819.102294921875,663.5973510742188,661.3131713867188,1408.3624267578125,326.4005126953125,2776.1865234375,269.6782531738281
2021-07-30,705.4083862304688,833.20654296875,667.4341430664062,656.5037231445312,1402.701416015625,329.0150451660156,2751.559326171875,268.1709899902344
2021-08-02,717.5980224609375,841.7017211914062,665.6561889648438,655.445556640625,1421.0352783203125,331.06298828125,2796.688232421875,270.50030517578125
2021-08-03,734.9619750976562,844.9940185546875,671.2942504882812,664.102783203125,1441.6337890625,335.1487731933594,2853.588134765625,273.7659912109375
2021-08-04,750.087158203125,845.400390625,685.612060546875,687.4290771484375,1436.451416015625,347.9332275390625,2844.07568359375,272.5784606933594
2021-08-05,745.6093139648438,862.6345825195312,694.7594604492188,675.6937866210938,1440.1966552734375,352.267578125,2852.76220703125,274.4510498046875
2021-08-06,737.2009887695312,853.52978515625,698.4091186523438,671.0765991210938,1437.2786865234375,353.3511962890625,2875.218505859375,273.1265563964844
2021-08-09,751.7788696289062,854.0173950195312,703.6729125976562,676.0784912109375,1448.6885986328125,354.0868225097656,2886.4248046875,272.5784606933594
2021-08-10,757.7990112304688,864.7073974609375,705.427490234375,674.202880859375,1460.8387451171875,360.5188293457031,2896.154052734375,275.7984313964844
2021-08-11,757.052734375,867.3494262695312,699.4852294921875,667.1328125,1461.099853515625,354.2029724121094,2905.100830078125,274.6109313964844
2021-08-12,753.6196899414062,891.3715209960938,702.503173828125,674.6356811523438,1471.5953369140625,355.6153869628906,2911.6611328125,276.7119140625
2021-08-13,756.1572265625,910.0279541015625,714.1069946289062,677.954345703125,1491.279052734375,355.6750183105469,3008.650390625,281.119384765625
2021-08-16,758.246826171875,913.4422607421875,716.165771484375,675.88623046875,1484.4854736328125,354.5511169433594,3016.946533203125,280.45709228515625
2021-08-17,753.0226440429688,929.1317138671875,708.7027587890625,674.4913940429688,1516.92919921875,355.7446594238281,3086.529541015625,289.98004150390625
2021-08-18,750.6842651367188,922.05908203125,707.9307861328125,662.0827026367188,1509.787353515625,348.0562744140625,3093.043701171875,287.4679870605469
2021-08-20,736.6039428710938,908.3208618164062,708.7495727539062,654.772216796875,1509.3516845703125,338.8759460449219,3092.13232421875,283.197509765625
2021-08-23,732.474365234375,945.5119018554688,713.3583984375,656.6961059570312,1514.4033203125,341.5216064453125,3159.803955078125,287.21673583984375
2021-08-24,742.6738891601562,937.2201538085938,729.3839111328125,667.99853515625,1498.8131103515625,339.1445007324219,3138.781494140625,289.3634338378906
2021-08-25,735.4098510742188,938.3989868164062,728.7055053710938,664.7279663085938,1511.6163330078125,337.6128234863281,3178.56787109375,288.49566650390625
2021-08-26,742.6738891601562,949.0484008789062,727.4888916015625,672.1827392578125,1504.7789306640625,337.6724548339844,3189.731201171875,287.262451171875
2021-08-27,748.694091796875,945.3900756835938,724.5178833007812,673.0966796875,1488.318115234375,340.86517333984375,3231.688720703125,290.00286865234375
2021-08-30,780.188232421875,945.7559814453125,733.7821655273438,686.4672241210938,1478.9549560546875,345.3011779785156,3215.314208984375,288.8609924316406
2021-08-31,782.6260986328125,961.120361328125,739.93505859375,691.6614379882812,1486.2708740234375,348.8519592285156,3289.283447265625,292.7432556152344
2021-09-01,794.965087890625,946.7723388671875,738.85888671875,692.4791259765625,1461.274169921875,347.44952392578125,3227.171142578125,293.2456359863281
2021-09-02,798.746337890625,953.3568725585938,743.4910278320312,697.5291748046875,1471.1597900390625,353.3675231933594,3332.978271484375,297.5389709472656
2021-09-03,794.0694580078125,954.9826049804688,737.4317626953125,696.7114868164062,1481.2193603515625,356.4408874511719,3337.5830078125,299.20599365234375
2021-09-06,796.855712890625,975.630859375,732.5889892578125,693.6815795898438,1507.1307373046875,352.9995422363281,3346.226806640625,313.5246276855469
2021-09-07,783.9695434570312,961.0389404296875,734.25,689.5934448242188,1486.4451904296875,351.0699768066406,3314.86572265625,307.9524841308594
2021-09-08,790.7857666015625,966.4042358398438,737.5955810546875,693.4891967773438,1474.7740478515625,361.1156005859375,3278.597900390625,302.4488525390625
2021-09-09,786.2581787109375,974.3302001953125,733.9459838867188,692.8157958984375,1473.337158203125,361.6128845214844,3293.583984375,302.5173645019531
2021-09-13,784.4669799804688,982.3375854492188,727.83984375,680.4552612304688,1473.5982666015625,366.0290222167969,3340.449462890625,306.3539123535156
2021-09-14,790.4873046875,1006.9285888671875,724.5645751953125,680.5033569335938,1468.5904541015625,371.5391540527344,3375.675537109375,307.5871276855469
2021-09-15,787.5020751953125,1035.0556640625,723.7457885742188,687.1404418945312,1490.6256103515625,372.3249206542969,3435.31201171875,307.8611145019531
2021-09-16,798.6467895507812,1026.80419921875,729.8984985351562,699.5010375976562,1482.613037109375,379.3070983886719,3390.790771484375,305.0293884277344
2021-09-17,803.3734130859375,1026.967041015625,740.2859497070312,692.7196655273438,1473.0758056640625,399.42822265625,3325.247802734375,303.84185791015625
2021-09-20,791.9301147460938,1037.4129638671875,729.8517456054688,682.9561157226562,1470.0709228515625,398.13525390625,3321.468994140625,302.5858459472656
2021-09-21,791.4325561523438,1056.3948974609375,726.1553955078125,684.7356567382812,1496.7227783203125,400.0250244140625,3355.738525390625,304.9151916503906
2021-09-22,784.4669799804688,1069.402099609375,717.6162719726562,676.5595092773438,1495.372802734375,394.97235107421875,3355.0439453125,305.1663818359375
2021-09-23,808.14990234375,1079.8072509765625,734.6009521484375,689.6895141601562,1517.71337890625,402.6209411621094,3361.2119140625,307.97528076171875
2021-09-24,794.1192626953125,1104.1136474609375,749.36328125,695.4129028320312,1536.264892578125,403.4365234375,3362.991943359375,308.9801025390625
2021-09-27,793.024658203125,1052.8994140625,760.3822631835938,702.1944580078125,1499.07421875,404.48095703125,3333.15283203125,298.657958984375
2021-09-28,785.3128662109375,1031.6007080078125,755.679931640625,689.8338623046875,1469.417724609375,411.41339111328125,3282.94189453125,292.1266174316406
2021-09-29,778.2975463867188,1041.518310546875,745.7603759765625,682.4752807617188,1473.9031982421875,403.90399169921875,3294.01806640625,292.65191650390625
2021-09-30,762.7744140625,1040.177001953125,746.2750244140625,674.1546630859375,1459.0531005859375,398.94085693359375,3279.815185546875,289.6146240234375
2021-10-01,764.366455078125,1035.4620361328125,740.5433349609375,665.9784545898438,1450.2999267578125,396.563720703125,3240.419189453125,290.5965881347656
2021-10-04,775.1630859375,1039.4453125,741.9703369140625,673.5294799804688,1462.14501953125,396.0465087890625,3277.859619140625,292.7889404296875
2021-10-05,778.745361328125,1060.9879150390625,746.509033203125,670.5475463867188,1474.38232421875,394.3357849121094,3329.98193359375,295.4379577636719
2021-10-06,775.1134033203125,1036.8438720703125,755.6096801757812,663.2371215820312,1457.6160888671875,389.04443359375,3310.52294921875,290.36822509765625
2021-10-07,773.2723999023438,1061.9229736328125,753.5509033203125,675.4533081054688,1472.8143310546875,388.3879699707031,3381.756591796875,293.65667724609375
2021-10-08,778.0985717773438,1074.807861328125,749.8778686523438,676.6076049804688,1501.426025390625,385.185302734375,3418.89306640625,301.9692687988281
2021-10-11,783.2728881835938,1059.1588134765625,764.4530029296875,686.1304931640625,1472.77099609375,392.9532775878906,3201.675048828125,298.1555480957031
2021-10-12,793.2236938476562,1016.439697265625,762.48779296875,681.6094970703125,1467.7193603515625,396.8720703125,3173.225341796875,301.032958984375
2021-10-13,790.6861572265625,1028.63330078125,767.0731811523438,682.9081420898438,1488.666259765625,399.70672607421875,3175.26708984375,307.1988525390625
2021-10-14,798.0994873046875,1017.0899047851562,789.5322875976562,699.5972900390625,1494.37109375,401.38763427734375,3143.281005859375,323.4814147949219
2021-10-18,809.2941284179688,992.9054565429688,781.53125,717.0559692382812,1560.9134521484375,400.154296875,3174.352783203125,324.16650390625
2021-10-19,797.7015380859375,1001.6038208007812,790.1405639648438,718.979736328125,1587.042724609375,404.8787536621094,3163.038330078125,324.9886169433594
2021-10-20,800.8359985351562,1002.2543334960938,783.1923217773438,717.440673828125,1569.7969970703125,400.920166015625,3141.0185546875,320.60400390625
2021-10-21,803.8212890625,992.25537109375,784.338623046875,726.7230834960938,1527.380859375,426.4420166015625,3074.565185546875,318.0234680175781
2021-10-22,812.6773681640625,978.5685424804688,786.4207153320312,730.3783569335938,1497.8984375,431.9422607421875,3045.277587890625,311.6748352050781
2021-10-25,840.9375,955.1289672851562,775.3081665039062,809.6398315429688,1487.2291259765625,428.5804138183594,3040.142578125,304.9608459472656
2021-10-26,837.7532958984375,956.2763061523438,773.319580078125,797.808349609375,1497.0264892578125,439.8096923828125,3031.134521484375,305.1663818359375
2021-10-27,783.6211547851562,964.7587280273438,768.6640625,803.1950073242188,1519.2132568359375,435.2940979003906,3037.357421875,306.5137023925781
2021-10-28,754.61474609375,944.146484375,745.6434326171875,768.2776489257812,1497.2021484375,417.4407653808594,2978.085205078125,300.02813720703125
2021-10-29,738.3453369140625,937.3851318359375,740.613525390625,771.5,1465.437744140625,404.0432434082031,2957.283935546875,295.392333984375
2021-11-01,748.6443481445312,974.6347045898438,751.1177978515625,773.2796020507812,1493.8194580078125,413.0644226074219,3025.73779296875,299.36590576171875
2021-11-02,752.1270751953125,959.4317016601562,751.7963256835938,770.44189453125,1491.9302978515625,413.09423828125,3032.52734375,298.6122741699219
2021-11-03,746.9029541015625,964.1029663085938,739.9584350585938,756.0132446289062,1495.9720458984375,405.3163757324219,3039.53369140625,298.0185241699219
2021-11-04,749.2413330078125,969.63525390625,745.8071899414062,752.3099365234375,1501.419921875,409.1854248046875,3053.807373046875,298.566650390625
2021-11-08,747.3507690429688,969.4302368164062,748.7550048828125,750.4342041015625,1526.7264404296875,421.48883056640625,3048.672119140625,300.6904296875
2021-11-09,741.3803100585938,961.1936645507812,735.6537475585938,756.5903930664062,1531.1197509765625,417.1821594238281,3051.2392578125,300.7361145019531
2021-11-10,745.6590576171875,958.2021484375,727.699462890625,751.1557006835938,1529.0546875,412.9748840332031,3032.614013671875,298.0641784667969
2021-11-11,734.4147338867188,951.2765502929688,724.4476928710938,742.065673828125,1523.035888671875,408.6085510253906,3036.0087890625,293.1314697265625
2021-11-12,732.4246215820312,960.8248291015625,726.6466674804688,747.0194091796875,1564.2464599609375,412.7063903808594,3068.95166015625,301.46685791015625
2021-11-15,729.638427734375,959.595458984375,728.63525390625,743.84521484375,1570.3533935546875,417.2020263671875,3092.669189453125,300.94158935546875
2021-11-16,722.5734252929688,953.4898071289062,724.3072509765625,734.9474487304688,1574.87841796875,414.3276062011719,3095.366943359375,302.1063232421875
2021-11-17,708.8414306640625,944.515380859375,716.2593383789062,732.3021850585938,1570.6170654296875,408.4096374511719,3065.339111328125,302.2661437988281
2021-11-18,702.8709106445312,918.0841064453125,720.2832641601562,733.8412475585938,1563.5435791015625,402.7104797363281,3025.12890625,297.5389709472656
2021-11-22,683.0191650390625,909.8064575195312,709.0302734375,723.3563842773438,1545.9698486328125,388.9847717285156,3010.07177734375,294.1590881347656
2021-11-23,682.27294921875,911.85546875,709.1239013671875,723.2120971679688,1526.1990966796875,394.4451904296875,3015.16357421875,293.5882263183594
2021-11-24,681.7753295898438,917.4692993164062,710.293701171875,731.2440795898438,1490.2606201171875,400.114501953125,2996.928955078125,290.7107849121094
2021-11-25,676.55126953125,921.8543090820312,713.9900512695312,722.4425659179688,1513.4581298828125,404.8290100097656,2999.191650390625,290.8021545410156
2021-11-26,658.4906005859375,909.7655029296875,697.122314453125,694.6915893554688,1486.4383544921875,390.7452087402344,3000.019287109375,283.8369445800781
2021-11-29,647.89306640625,928.6976928710938,702.4329223632812,691.0362548828125,1490.568115234375,401.7457275390625,3048.019287109375,288.01605224609375
2021-11-30,652.420654296875,933.2052612304688,698.830078125,687.1404418945312,1504.890869140625,390.2678527832031,3071.64990234375,291.0533142089844
2021-12-01,676.2526245117188,947.998291015625,704.0238037109375,699.9819946289062,1506.8680419921875,388.5670471191406,3113.9931640625,289.9343566894531
2021-12-02,672.7698974609375,970.9465942382812,713.896484375,694.8839111328125,1536.1722412109375,390.73529052734375,3170.65380859375,295.4151306152344
2021-12-03,669.6851196289062,960.0462646484375,708.1881713867188,689.0162963867188,1525.012939453125,380.7791442871094,3168.521484375,292.65191650390625
2021-12-06,659.8338623046875,931.4840087890625,703.6261596679688,682.5233154296875,1489.6455078125,375.0103759765625,3077.959228515625,285.22998046875
2021-12-07,683.6162109375,942.2205810546875,713.873046875,706.6673583984375,1504.01220703125,385.3444519042969,3119.824462890625,288.838134765625
2021-12-08,693.6663818359375,960.2101440429688,727.0210571289062,724.703125,1540.653564453125,382.0224609375,3156.728271484375,293.0858154296875
2021-12-09,690.531982421875,957.7105102539062,714.4111328125,726.2421875,1549.5284423828125,381.2068786621094,3134.83837890625,293.7708740234375
2021-12-10,684.6610107421875,952.5059814453125,712.399169921875,729.1279296875,1545.837890625,377.3079528808594,3165.3447265625,291.51007080078125
2021-12-13,700.532470703125,949.9655151367188,707.065185546875,725.2802124023438,1533.0089111328125,372.6034240722656,3141.713623046875,294.7757263183594
2021-12-14,707.3985595703125,952.6290283203125,702.9944458007812,729.753173828125,1539.59912109375,366.0986022949219,3154.0302734375,295.4608154296875
2021-12-15,708.9906005859375,941.605712890625,701.84814453125,723.596923828125,1523.82666015625,371.46954345703125,3107.509033203125,290.6651306152344
2021-12-16,706.1547241210938,950.4983520507812,701.8948364257812,712.919677734375,1556.689697265625,370.1466979980469,3117.30029296875,294.27325439453125
2021-12-17,685.5069580078125,960.0462646484375,689.23828125,700.5591430664062,1599.9652099609375,356.82879638671875,3119.69384765625,306.3767395019531
2021-12-20,671.028564453125,950.62109375,667.0598754882812,682.9081420898438,1580.6781005859375,346.6240539550781,3095.80224609375,304.16162109375
2021-12-21,662.5703735351562,987.583740234375,674.6163940429688,692.9120483398438,1591.837158203125,345.4404602050781,3140.538818359375,315.5113830566406
2021-12-22,666.0531005859375,1002.1720581054688,676.2072143554688,704.8878173828125,1603.3482666015625,350.5826110839844,3160.0791015625,313.1592712402344
2021-12-23,675.45654296875,1005.983154296875,675.6924438476562,703.4448852539062,1632.2572021484375,353.2084045410156,3187.886962890625,317.2241516113281
2021-12-24,664.2122802734375,1036.9219970703125,673.259521484375,699.4048461914062,1637.4412841796875,347.79766845703125,3195.02392578125,319.0054016113281
2021-12-27,668.83935546875,1038.56103515625,678.8275146484375,707.9658203125,1639.7698974609375,352.78070068359375,3216.957763671875,319.5306701660156
2021-12-28,672.1231079101562,1052.248046875,683.5064697265625,707.7734375,1658.96923828125,353.06915283203125,3226.052734375,322.2025451660156
2021-12-29,667.1974487304688,1058.8046875,680.2545776367188,707.6773071289062,1656.816650390625,350.94061279296875,3215.739013671875,321.4032897949219
2021-12-30,665.5555419921875,1079.4171142578125,683.8339233398438,707.6773071289062,1663.23095703125,349.1603088378906,3249.726318359375,326.1532897949219
2021-12-31,675.2078247070312,1081.096923828125,692.2094116210938,711.9578247070312,1658.7496337890625,357.28631591796875,3253.73046875,326.72418212890625
2022-01-03,692.9202270507812,1086.8748779296875,711.0423583984375,735.5726928710938,1668.151611328125,362.9258117675781,3322.837158203125,328.2542724609375
2022-01-04,705.6571044921875,1092.85791015625,715.2066040039062,743.4122314453125,1668.766845703125,368.5255126953125,3381.152099609375,329.5330810546875
2022-01-05,723.3197631835938,1074.25341796875,732.1913452148438,758.0332641601562,1620.8782958984375,382.3605651855469,3360.436279296875,325.8792724609375
2022-01-06,726.7029418945312,1053.0677490234375,720.4470825195312,755.1474609375,1597.285400390625,376.3431701660156,3313.872314453125,322.339599609375
2022-01-07,727.0014038085938,1057.6981201171875,725.5003662109375,763.0352783203125,1594.2100830078125,378.7998962402344,3353.95263671875,324.96575927734375
2022-01-10,739.141357421875,1055.6903076171875,729.5243530273438,779.8687133789062,1626.238037109375,387.49285888671875,3376.88720703125,316.74462890625
2022-01-11,739.5892333984375,1101.2171630859375,732.6826171875,779.7724609375,1630.5,385.2747802734375,3408.263671875,317.0414733886719
2022-01-12,743.17138671875,1108.1839599609375,728.3546142578125,792.3734130859375,1649.698974609375,389.21356201171875,3359.522705078125,315.7626037597656
2022-01-13,737.0517578125,1093.5133056640625,714.9491577148438,793.2872924804688,1666.7017822265625,383.1960754394531,3392.597412109375,296.7624816894531
2022-01-14,718.1453247070312,1095.9312744140625,722.9737548828125,788.766357421875,1695.3033447265625,385.5533142089844,3453.740234375,292.2179870605469
2022-01-17,709.139892578125,1031.6356201171875,711.907958984375,788.0928955078125,1704.2218017578125,385.4041442871094,3498.12890625,295.3466796875
2022-01-18,721.6280517578125,999.6724853515625,715.5341186523438,791.7481689453125,1687.746337890625,386.33905029296875,3473.27978515625,289.24920654296875
2022-01-19,726.0064086914062,982.830322265625,710.4807739257812,777.800537109375,1640.5609130859375,379.0783996582031,3413.16259765625,283.699951171875
2022-01-20,725.3098754882812,971.3838500976562,706.0591430664062,779.3876953125,1602.469482421875,376.4823913574219,3336.3486328125,280.98236083984375
2022-01-21,708.9906005859375,965.2678833007812,711.9546508789062,773.856689453125,1569.0792236328125,376.711181640625,3342.408447265625,276.7964172363281
2022-01-24,701.1295776367188,929.688720703125,695.6016845703125,768.0371704101562,1526.1112060546875,364.2088317871094,3288.219970703125,262.0198974609375
2022-01-25,748.4951171875,928.69677734375,696.2567138671875,771.1152954101562,1513.2384033203125,368.9332580566406,3286.95556640625,257.42230224609375
2022-01-27,770.0384521484375,890.7208862304688,690.127197265625,764.3818969726562,1474.971435546875,375.8160095214844,3181.76171875,249.21058654785156
2022-01-28,760.9335327148438,892.9522705078125,684.65283203125,751.3961791992188,1481.6494140625,377.61627197265625,3217.334716796875,252.595947265625
2022-01-31,769.2423706054688,908.6138305664062,695.1572265625,758.7546997070312,1525.5838623046875,369.45050048828125,3257.616943359375,261.9513244628906
2022-02-01,778.048828125,936.2178955078125,700.4443969726562,779.435791015625,1557.0853271484375,374.4335021972656,3313.766845703125,263.8041076660156
2022-02-02,800.139404296875,967.7474365234375,716.4464721679688,782.7542724609375,1570.3094482421875,386.4286193847656,3362.20068359375,268.9964904785156
2022-02-03,795.6118774414062,956.0115966796875,709.0302734375,778.1372680664062,1527.6490478515625,379.7547302246094,3334.648193359375,264.53607177734375
2022-02-04,794.6168212890625,961.8380126953125,713.0776977539062,774.3857421875,1529.8895263671875,374.8114318847656,3326.190673828125,261.5625305175781
2022-02-07,785.7108764648438,956.5073852539062,686.945556640625,756.4461669921875,1506.95556640625,363.72149658203125,3294.890380859375,254.8146514892578
2022-02-08,794.6168212890625,960.3091430664062,683.997802734375,762.313720703125,1508.976806640625,361.6029968261719,3263.894287109375,256.3014831542969
2022-02-09,799.890625,975.970703125,700.72509765625,772.2214965820312,1526.5506591796875,365.0244445800781,3278.803955078125,260.281494140625
2022-02-10,805.811279296875,983.7807006835938,713.59228515625,774.8186645507812,1554.932373046875,371.42974853515625,3287.348388671875,262.4316711425781
2022-02-11,799.8408813476562,961.7554321289062,710.66796875,760.6785278320312,1512.5355224609375,363.6816711425781,3221.607421875,256.8504638671875
2022-02-14,769.5408935546875,947.498779296875,689.5422973632812,724.99169921875,1478.134765625,347.4893493652344,3255.43701171875,247.8152618408203
2022-02-15,793.024658203125,965.763916015625,710.1766967773438,746.4903564453125,1527.385498046875,360.6679992675781,3328.7197265625,257.7196350097656
2022-02-16,793.1241455078125,965.1441650390625,709.2174682617188,734.9474487304688,1523.035888671875,364.039794921875,3324.6220703125,257.97125244140625
2022-02-17,778.9443359375,961.2183837890625,704.889404296875,721.769287109375,1515.5670166015625,361.50347900390625,3299.424072265625,258.4287414550781
2022-02-18,783.521728515625,962.8300170898438,707.6265869140625,720.3744506835938,1499.88232421875,363.34356689453125,3307.881103515625,257.30792236328125
2022-02-21,784.964599609375,962.6234130859375,712.1885986328125,725.7130737304688,1520.751220703125,363.4529724121094,3242.925048828125,261.1278991699219
2022-02-22,775.3123168945312,950.06103515625,706.8545532226562,722.68310546875,1523.9583740234375,366.3671875,3126.96337890625,258.0856628417969
2022-02-23,773.3719482421875,952.9124145507812,702.2692260742188,716.23828125,1531.42724609375,375.1894226074219,3107.258544921875,259.4352111816406
2022-02-24,726.7029418945312,907.9114379882812,664.135498046875,680.4552612304688,1474.575927734375,357.0376892089844,2965.880615234375,245.73377990722656
2022-02-25,754.3162841796875,933.6558227539062,681.3073120117188,702.2424926757812,1489.0303955078125,369.3410949707031,3069.7236328125,254.01412963867188
2022-02-28,738.7433471679688,931.3829956054688,667.340576171875,714.4105834960938,1507.4830322265625,366.5660705566406,3098.888427734375,254.26573181152344
2022-03-02,746.5546875,921.9613647460938,643.0098266601562,687.6213989257812,1496.23583984375,359.25567626953125,3091.869384765625,253.99122619628906
2022-03-03,734.0167846679688,941.9202270507812,641.4891967773438,671.7018432617188,1512.0960693359375,356.52044677734375,3090.34375,260.5559997558594
2022-03-04,711.4783325195312,940.8871459960938,639.383544921875,661.8423461914062,1514.2490234375,348.54364013671875,3072.8623046875,263.1865234375
2022-03-07,664.2620239257812,953.904052734375,619.872314453125,628.8487548828125,1528.7911376953125,340.5369567871094,3038.465576171875,261.6081848144531
2022-03-08,667.0980834960938,971.342529296875,621.2759399414062,639.6702270507812,1562.4891357421875,342.764892578125,3138.777099609375,268.744873046875
2022-03-09,670.8792724609375,977.4581909179688,641.5593872070312,642.0269165039062,1593.3751220703125,345.94769287109375,3167.24462890625,267.852783203125
2022-03-10,691.5270385742188,985.268310546875,651.6425170898438,650.828369140625,1604.40283203125,348.9812316894531,3157.087158203125,269.1108703613281
2022-03-11,687.4471435546875,986.3426513671875,653.5609741210938,652.078857421875,1600.9757080078125,350.70196533203125,3138.079345703125,268.1730041503906
2022-03-14,706.552734375,994.1114501953125,674.96728515625,669.6337280273438,1661.3419189453125,355.82421875,3176.31201171875,273.6398620605469
2022-03-15,694.7113647460938,972.6236572265625,666.287841796875,670.7880249023438,1616.177001953125,344.8834533691406,3133.502197265625,268.8592224121094
2022-03-16,720.28466796875,991.343017578125,677.5875244140625,681.0324096679688,1660.1995849609375,350.20465087890625,3187.56005859375,273.68560791015625
2022-03-17,735.6088256835938,989.1940307617188,692.5135498046875,692.6714477539062,1629.62109375,362.0406188964844,3202.251220703125,275.0351257324219
2022-03-21,722.3246459960938,965.3507080078125,695.5314331054688,683.6776733398438,1628.2591552734375,353.5068054199219,3162.100341796875,274.4862060546875
2022-03-22,727.7975463867188,972.2513427734375,699.11083984375,690.8439331054688,1658.4422607421875,359.62371826171875,3226.839111328125,279.0838317871094
2022-03-23,723.1704711914062,975.8055419921875,692.13916015625,690.9400634765625,1645.26171875,352.0447082519531,3236.82177734375,279.60992431640625
2022-03-24,718.692626953125,985.22705078125,675.0140380859375,677.377197265625,1657.826904296875,340.9845275878906,3269.47412109375,279.31256103515625
2022-03-25,717.6975708007812,974.6895751953125,669.5162963867188,672.61572265625,1648.9083251953125,342.5958251953125,3232.50634765625,276.01873779296875
2022-03-28,732.3748779296875,961.9620971679688,670.4052734375,683.2929077148438,1646.579833984375,343.1826477050781,3232.724365234375,274.57769775390625
2022-03-29,734.166015625,965.061279296875,679.29541015625,688.0542602539062,1657.2119140625,344.1374816894531,3230.675048828125,275.6298828125
2022-03-30,746.7537841796875,962.9949340820312,691.06298828125,703.0601196289062,1672.9844970703125,350.7218322753906,3253.519287109375,274.8521728515625
2022-03-31,757.4010620117188,961.7968139648438,687.9749145507812,702.4829711914062,1675.53271484375,348.8818054199219,3260.8427734375,270.7806701660156
2022-04-01,770.7349853515625,966.6729736328125,704.6554565429688,708.2063598632812,1672.633056640625,353.4172058105469,3277.234619140625,275.3096618652344
2022-04-04,780.2379760742188,981.0531616210938,775.214599609375,718.1620483398438,1654.531982421875,365.23333740234375,3287.348388671875,277.0480651855469
2022-04-05,779.242919921875,987.9954223632812,752.4981079101562,713.544921875,1635.33251953125,358.4997253417969,3326.103759765625,276.3791809082031
2022-04-06,769.8892211914062,967.3751831054688,725.6406860351562,713.3526000976562,1606.994873046875,353.9643249511719,3274.27001953125,273.7959899902344
2022-04-07,788.1985473632812,969.6896362304688,709.6854248046875,720.037841796875,1591.31005859375,351.38824462890625,3212.191162109375,267.93768310546875
2022-04-08,790.9847412109375,963.1190795898438,708.7027587890625,725.56884765625,1594.4735107421875,354.97882080078125,3213.498779296875,269.22930908203125
2022-04-11,782.1783447265625,936.79638671875,700.0466918945312,730.6669921875,1552.25244140625,354.7699279785156,3222.871337890625,263.44012451171875
2022-04-12,794.517333984375,934.8540649414062,698.8067626953125,734.7550048828125,1531.0758056640625,358.43011474609375,3218.25048828125,257.72021484375
2022-04-13,789.1438598632812,929.8540649414062,685.4481811523438,733.216064453125,1536.4359130859375,354.0041198730469,3192.8349609375,257.95086669921875
2022-04-18,794.915283203125,910.5559692382812,652.9292602539062,728.9354858398438,1424.7103271484375,348.19549560546875,3076.087890625,248.44834899902344
2022-04-19,793.8704833984375,884.5223999023438,628.0136108398438,737.1116943359375,1372.515869140625,339.6617126464844,3027.13134765625,244.68885803222656
2022-04-20,790.7857666015625,900.3492431640625,633.6753540039062,726.771240234375,1395.098388671875,342.4068298339844,3101.1552734375,247.47967529296875
2022-04-21,797.8507690429688,908.4485473632812,643.0565795898438,733.3121337890625,1422.42578125,350.2742614746094,3163.80078125,248.72512817382812
2022-04-22,776.7551879882812,910.803955078125,634.283447265625,719.172119140625,1393.1212158203125,343.6899108886719,3149.763671875,248.03318786621094
2022-04-25,776.854736328125,900.7211303710938,639.03271484375,723.548828125,1371.72509765625,343.9087219238281,3093.656982421875,244.1814727783203
2022-04-26,771.1828002929688,904.39892578125,641.9805297851562,725.039794921875,1389.2110595703125,346.663818359375,3092.000244140625,244.13536071777344
2022-04-27,762.1276245117188,905.473388671875,642.2144775390625,708.6392822265625,1364.431884765625,346.4250793457031,3104.991943359375,239.38409423828125
2022-04-28,775.9591674804688,917.9932250976562,641.6528930664062,718.6912231445312,1390.6170654296875,351.2290954589844,3125.132568359375,241.04470825195312
2022-04-29,725.0112915039062,906.8597412109375,647.8525390625,714.98779296875,1377.3927001953125,356.2220764160156,3092.348876953125,234.70204162597656
2022-05-02,723.7673950195312,896.4825439453125,656.7894287109375,712.7754516601562,1354.0635986328125,352.95977783203125,3088.599609375,228.3363037109375
2022-05-04,703.7167358398438,878.0384521484375,634.470703125,696.6634521484375,1349.2747802734375,353.2084045410156,3033.97509765625,226.83712768554688
2022-05-05,698.8905639648438,900.8098754882812,633.0435791015625,701.0401000976562,1392.857666015625,357.5846862792969,3063.314697265625,231.17323303222656
2022-05-06,670.083251953125,882.449951171875,616.5033569335938,691.8538208007812,1355.68896484375,353.1487121582031,2992.865966796875,223.76959228515625
2022-05-09,660.4309692382812,904.2128295898438,617.5560913085938,683.2929077148438,1379.85302734375,351.5970764160156,3003.76513671875,222.8700714111328
2022-05-10,656.50048828125,901.2298583984375,627.4756469726562,684.2066650390625,1364.60791015625,357.4951477050781,2998.227783203125,220.33299255371094
2022-05-11,669.038330078125,891.4408569335938,631.0082397460938,686.9962768554688,1341.5419921875,360.0414123535156,2974.904541015625,217.68060302734375
2022-05-12,646.4502563476562,890.1805419921875,616.7843627929688,669.2970581054688,1325.76953125,350.2841796875,2971.98388671875,218.55703735351562
2022-05-13,632.8176879882812,884.0885009765625,611.2462768554688,651.5498046875,1321.9034423828125,353.9941101074219,2977.43310546875,216.18141174316406
2022-05-16,635.8029174804688,877.7025146484375,617.754638671875,656.984619140625,1308.459228515625,360.6182861328125,2944.2138671875,215.88160705566406
2022-05-17,651.72412109375,909.9268188476562,621.9674682617188,682.9561157226562,1334.2489013671875,366.0787353515625,3009.431640625,224.4845733642578
2022-05-18,656.201904296875,902.1962890625,621.9201049804688,680.4071044921875,1326.12109375,367.3717041015625,3006.990234375,221.99362182617188
2022-05-19,646.9974975585938,848.1669921875,609.2109985351562,664.006591796875,1254.0244140625,354.7599792480469,2844.07666015625,208.1089324951172
2022-05-20,669.78466796875,864.5103149414062,625.257080078125,682.5233154296875,1278.6278076171875,363.8607482910156,2871.149658203125,212.00680541992188
2022-05-23,672.0236206054688,855.6453247070312,617.234130859375,683.9661865234375,1290.2705078125,368.8636474609375,2896.216552734375,214.9590301513672
2022-05-24,660.7792358398438,833.3363037109375,624.3104248046875,681.1766357421875,1266.1943359375,374.49322509765625,2866.789794921875,212.1682586669922
2022-05-25,661.7245483398438,818.7996826171875,628.972900390625,686.1785888671875,1239.35009765625,379.4563293457031,2780.461669921875,205.2028350830078
2022-05-26,679.8846435546875,824.05126953125,646.912353515625,700.7515258789062,1251.212646484375,379.6751403808594,2832.513427734375,209.12379455566406
2022-05-27,684.9098510742188,843.5455932617188,658.9115600585938,711.6211547851562,1284.07568359375,387.1446838378906,2862.66455078125,215.39724731445312
2022-05-30,690.2335205078125,873.795166015625,663.4083251953125,719.98974609375,1341.586181640625,378.5910339355469,2962.68603515625,219.68719482421875
2022-05-31,681.8250732421875,874.5094604492188,657.4442138671875,724.174072265625,1335.1925048828125,367.38165283203125,2953.118408203125,220.51751708984375
2022-06-01,682.6708984375,855.3093872070312,660.2368774414062,723.9817504882812,1312.9481201171875,371.01202392578125,2945.08642578125,217.15011596679688
2022-06-02,688.1438598632812,873.6270141601562,655.6218872070312,721.1920776367188,1339.0997314453125,369.53009033203125,3004.599365234375,218.71849060058594
2022-06-03,673.9639282226562,876.3998413085938,653.349853515625,715.94970703125,1351.265380859375,369.7289733886719,3019.653076171875,219.3412322998047
2022-06-06,668.88916015625,871.6106567382812,652.4740600585938,718.306396484375,1358.68017578125,371.84747314453125,3011.578125,218.28030395507812
2022-06-07,662.5703735351562,859.5105590820312,644.9716796875,707.2445068359375,1337.9454345703125,369.6295166015625,2951.669921875,215.72015380859375
2022-06-08,655.3560791015625,865.64453125,647.2437133789062,701.7134399414062,1331.995849609375,367.1131896972656,2988.0537109375,216.9886932373047
2022-06-09,658.0427856445312,864.34228515625,652.1190795898438,704.839599609375,1345.315673828125,371.0319519042969,3008.198486328125,219.1336669921875
2022-06-10,657.44580078125,853.1666259765625,639.5283203125,692.5752563476562,1311.3941650390625,356.4309387207031,2949.2119140625,212.62954711914062
2022-06-13,645.753662109375,833.37841796875,627.9315185546875,661.794189453125,1264.9520263671875,345.5995788574219,2826.0615234375,205.7794647216797
2022-06-14,647.5447998046875,837.663818359375,621.020751953125,659.3894653320312,1279.2042236328125,346.0670471191406,2818.117919921875,205.68719482421875
2022-06-15,647.2960205078125,831.78173828125,618.8670654296875,661.07275390625,1262.9095458984375,345.4602966308594,2814.386962890625,203.01174926757812
2022-06-16,631.7728271484375,810.8170166015625,606.4892578125,652.656005859375,1240.70947265625,333.3558349609375,2757.946533203125,194.80084228515625
2022-06-17,632.0714111328125,805.6073608398438,610.4889526367188,660.6879272460938,1231.91845703125,332.918212890625,2711.33740234375,186.91290283203125
2022-06-20,625.2053833007812,806.6997680664062,625.8251953125,659.822265625,1255.76123046875,334.0321960449219,2731.964599609375,191.2720184326172
2022-06-21,633.364990234375,829.0087280273438,632.6412353515625,669.5856323242188,1287.507080078125,334.48968505859375,2819.34619140625,196.11550903320312
2022-06-22,623.7127685546875,807.7501220703125,629.6592407226562,660.4474487304688,1276.27392578125,332.14239501953125,2829.001220703125,189.7036590576172
2022-06-23,626.2501220703125,816.1107788085938,631.9785766601562,672.51953125,1289.771484375,335.00689697265625,2904.3583984375,193.30166625976562
2022-06-24,630.8772583007812,812.2875366210938,640.806396484375,686.2747802734375,1279.692626953125,337.8514709472656,2890.576904296875,193.16331481933594
2022-06-27,633.9620361328125,833.8404541015625,641.9660034179688,690.0262451171875,1309.4405517578125,336.48883056640625,2909.537109375,196.00021362304688
2022-06-28,639.1860961914062,841.9070434570312,637.0669555664062,683.2447509765625,1314.368896484375,331.96337890625,2912.565185546875,197.08421325683594
2022-06-29,622.4688720703125,829.8071899414062,636.1438598632812,675.9823608398438,1299.36181640625,326.7217102050781,2888.294921875,194.08587646484375
2022-06-30,633.6634521484375,817.7913208007812,638.0609741210938,680.2628173828125,1298.1630859375,330.431640625,2867.755615234375,191.91781616210938
2022-07-01,640.7783203125,819.5558471679688,640.7826538085938,677.0885620117188,1313.702880859375,331.7544860839844,2909.887939453125,194.6624755859375
2022-07-04,651.1270141601562,827.328369140625,641.6820678710938,692.6714477539062,1321.339599609375,332.3810729980469,2839.622802734375,193.87828063964844
2022-07-05,645.3058471679688,825.2697143554688,640.2383422851562,692.0462646484375,1310.63916015625,330.81951904296875,2823.165283203125,190.7876739501953
2022-07-06,654.7092895507812,829.0087280273438,649.066162109375,698.2986450195312,1324.5810546875,339.06494140625,2862.181640625,191.91781616210938
2022-07-07,655.9052734375,831.7398071289062,660.6865844726562,713.7373657226562,1330.8411865234375,345.828369140625,2885.969482421875,194.10891723632812
2022-07-08,666.8677368164062,826.4461059570312,661.3018798828125,726.91552734375,1344.8271484375,347.0716247558594,2866.30712890625,193.32473754882812
2022-07-11,677.5311279296875,792.8353271484375,665.585693359375,740.1898193359375,1308.1529541015625,346.3753662109375,2733.19384765625,189.68060302734375
2022-07-12,673.8936157226562,779.6010131835938,658.793212890625,730.95556640625,1277.4725341796875,341.93939208984375,2707.64990234375,188.73495483398438
2022-07-13,677.5810546875,771.1565551757812,642.7232666015625,724.5106811523438,1282.66748046875,346.5345153808594,2667.3173828125,187.6048126220703
2022-07-14,665.9707641601562,758.762451171875,639.5046997070312,723.7411499023438,1268.8145751953125,352.1043701171875,2639.154052734375,185.18307495117188
2022-07-15,659.94140625,742.0831298828125,644.71142578125,722.5869750976562,1270.146728515625,355.6153869628906,2635.501953125,181.67727661132812
2022-07-18,682.1653442382812,756.4937744140625,637.8480834960938,742.5946044921875,1323.0269775390625,367.1429748535156,2696.1396484375,186.70529174804688
2022-07-19,698.2103881835938,755.9838256835938,638.0845947265625,750.9151611328125,1317.921142578125,365.0144348144531,2705.600341796875,187.12045288085938
2022-07-20,703.2930908203125,779.5208740234375,646.13134765625,753.271728515625,1345.5819091796875,363.5821838378906,2785.29248046875,190.09576416015625
2022-07-21,713.109375,785.5110473632812,644.0960083007812,756.0614013671875,1361.210693359375,358.1715087890625,2796.293212890625,190.97219848632812
2022-07-22,728.257568359375,781.9423217773438,659.1245727539062,769.576171875,1337.590087890625,363.4529724121094,2790.74951171875,189.51914978027344
2022-07-25,724.869140625,790.7794799804688,661.065185546875,770.393798828125,1335.1925048828125,357.1769104003906,2787.008544921875,191.3412322998047
2022-07-26,704.0404663085938,776.2069091796875,659.7162475585938,765.968994140625,1288.616943359375,350.4234619140625,2742.256591796875,186.91290283203125
2022-07-27,716.4978637695312,788.9099731445312,664.7573852539062,770.0090942382812,1306.2880859375,348.9315185546875,2806.4580078125,187.58172607421875
2022-07-28,723.4241333007812,803.9073486328125,670.650390625,783.5718994140625,1347.4468994140625,363.7314453125,2869.516845703125,191.89476013183594
2022-07-29,722.2780151367188,805.8616943359375,678.86279296875,787.4195556640625,1376.1290283203125,360.1210021972656,2905.9521484375,195.4466552734375
2022-08-01,728.3074340820312,809.0481567382812,684.5191040039062,792.036865234375,1377.328125,369.1520690917969,2903.2236328125,197.8914794921875
2022-08-02,727.9586181640625,808.1133422851562,676.9931030273438,786.6019897460938,1370.7122802734375,374.89105224609375,2897.062744140625,198.16822814941406
2022-08-03,728.0084228515625,813.339111328125,678.5787353515625,793.3834228515625,1390.692138671875,368.22711181640625,2939.04345703125,199.436767578125
2022-08-04,719.1387939453125,814.103759765625,677.7741088867188,789.0067749023438,1420.706787109375,365.13385009765625,2952.640625,200.88983154296875
2022-08-05,726.0153198242188,813.806396484375,675.4783935546875,806.2731323242188,1435.5804443359375,364.80560302734375,2961.529296875,202.96560668945312
2022-08-08,743.0071411132812,820.8589477539062,692.0452880859375,809.9019165039062,1438.0225830078125,366.9142150878906,2969.8017578125,201.05128479003906
2022-08-10,736.4794311523438,808.9630126953125,694.0570068359375,821.3204956054688,1422.970947265625,363.7016296386719,2952.025146484375,198.42193603515625
2022-08-11,756.26171875,817.7150268554688,703.2398071289062,831.9166870117188,1438.510986328125,368.9264831542969,3012.09033203125,202.25062561035156
2022-08-12,757.9559326171875,812.6593017578125,702.9794311523438,846.1416625976562,1415.5562744140625,366.4782409667969,2993.65283203125,201.1666259765625
2022-08-16,762.0419921875,814.188720703125,711.0262451171875,850.8348999023438,1417.6429443359375,367.5032958984375,2985.863525390625,201.62786865234375
2022-08-17,769.4664916992188,833.2222290039062,714.6945190429688,854.70556640625,1426.345458984375,366.1796569824219,2993.2568359375,204.3725128173828
2022-08-18,762.4405517578125,827.1891479492188,715.5465087890625,856.4957885742188,1405.655029296875,379.0776672363281,2975.787353515625,200.68223571777344
2022-08-19,754.9163818359375,824.2578735351562,706.71875,842.2709350585938,1418.22021484375,373.60400390625,2979.747314453125,199.48292541503906
2022-08-22,739.3196411132812,815.2508544921875,695.9739990234375,824.7073974609375,1399.172607421875,364.6570129394531,2952.28857421875,193.7398681640625
2022-08-23,744.5020141601562,804.5872192382812,693.8203735351562,835.98095703125,1369.64697265625,369.37432861328125,2890.726806640625,192.19459533691406
2022-08-24,747.5914306640625,806.4989624023438,697.1573486328125,845.0771484375,1365.2955322265625,371.73297119140625,2864.984130859375,191.96397399902344
2022-08-25,740.8145141601562,801.9529418945312,693.3706665039062,844.1578369140625,1348.11279296875,371.9618835449219,2832.2890625,191.52574157714844
2022-08-26,742.359375,803.5250244140625,693.4889526367188,842.706298828125,1351.1319580078125,378.5900573730469,2835.80908203125,192.4713592529297
2022-08-29,726.2145385742188,779.6058349609375,681.3240966796875,828.1911010742188,1298.0299072265625,368.2298583984375,2756.90966796875,186.5207977294922
2022-08-30,748.9368286132812,797.8319702148438,703.4290771484375,858.6246337890625,1325.7352294921875,381.2572021484375,2826.08447265625,190.76458740234375
2022-09-01,741.6118774414062,786.8706665039062,696.8260498046875,846.0932006835938,1300.2052001953125,378.7492980957031,2756.161376953125,189.33462524414062
2022-09-02,747.6412963867188,785.5110473632812,703.1450805664062,844.206298828125,1290.2598876953125,381.9339294433594,2755.017333984375,188.06610107421875
2022-09-05,753.5210571289062,795.3255004882812,707.66552734375,853.9314575195312,1297.63037109375,385.7257385253906,2757.65771484375,187.05125427246094
2022-09-06,747.44189453125,796.8546752929688,704.9674072265625,855.0927124023438,1292.1246337890625,381.3070068359375,2752.0693359375,186.56689453125
2022-09-07,752.823486328125,791.671630859375,701.6304321289062,847.8834228515625,1294.38916015625,379.8240966796875,2771.915283203125,187.95077514648438
2022-09-08,777.0905151367188,791.1192016601562,708.8724365234375,869.7530517578125,1310.594970703125,384.1632385253906,2789.56103515625,190.4186248779297
2022-09-09,782.173095703125,805.94677734375,709.3458251953125,872.1238403320312,1342.3406982421875,383.4267578125,2831.80517578125,192.4252471923828
2022-09-12,798.2680053710938,811.93701171875,706.9554443359375,877.8816528320312,1364.141357421875,382.958984375,2854.071533203125,194.6624755859375
2022-09-13,802.802490234375,811.8097534179688,716.209228515625,880.5911254882812,1371.9112548828125,382.839599609375,2842.102294921875,194.96231079101562
2022-09-14,800.3109130859375,791.9263305664062,723.5696411132812,888.4293212890625,1310.151123046875,389.0696105957031,2746.216552734375,192.03314208984375
2022-09-15,787.3054809570312,781.6452026367188,719.8065795898438,887.9454345703125,1272.3223876953125,384.9792785644531,2732.09130859375,191.45652770996094
2022-09-16,786.60791015625,762.1016845703125,706.5767822265625,879.7200927734375,1222.81640625,384.2129821777344,2647.9111328125,185.27529907226562
2022-09-19,795.3778686523438,762.8665161132812,711.2391357421875,870.1400756835938,1234.5823974609375,384.05377197265625,2665.60107421875,185.4136962890625
2022-09-20,809.9779052734375,776.6317138671875,719.8065795898438,887.1229858398438,1233.0284423828125,386.0939636230469,2675.722412109375,186.7744903564453
2022-09-21,803.799072265625,765.5430908203125,718.6942749023438,885.6714477539062,1222.993896484375,381.86431884765625,2641.310791015625,184.8601531982422
2022-09-22,786.5082397460938,762.739013671875,703.3817749023438,874.2044067382812,1214.735595703125,376.7389221191406,2646.76708984375,183.56854248046875
2022-09-23,765.9784545898438,761.20947265625,684.5191040039062,853.7379150390625,1212.5155029296875,370.7577209472656,2624.456787109375,181.90792846679688
2022-09-26,740.0671997070312,770.428955078125,675.2890625,833.2229614257812,1225.657958984375,364.0499267578125,2635.326171875,182.11550903320312
2022-09-27,734.9845581054688,780.6679077148438,669.2303466796875,824.9977416992188,1237.46826171875,358.1383361816406,2655.611572265625,183.776123046875
2022-09-28,714.00634765625,782.4097290039062,657.7281494140625,822.0462646484375,1238.489501953125,356.80474853515625,2671.62939453125,183.61468505859375
2022-09-29,716.5477294921875,784.321533203125,654.3201293945312,816.6272583007812,1241.9971923828125,351.37091064453125,2637.878662109375,181.1929168701172
2022-09-30,730.69921875,792.223876953125,672.7803955078125,834.142333984375,1255.139404296875,362.0992736816406,2644.259033203125,181.86181640625
2022-10-03,720.2848510742188,790.4395141601562,668.9226684570312,820.9334716796875,1237.6458740234375,355.07305908203125,2627.009521484375,181.97711181640625
2022-10-04,740.2664184570312,803.8223266601562,687.7615356445312,839.6097412109375,1269.3031005859375,362.7063903808594,2720.47412109375,187.05125427246094
2022-10-06,752.5244750976562,819.5843505859375,680.1881713867188,856.8345336914062,1292.169189453125,362.0395812988281,2729.97900390625,189.19622802734375
2022-10-07,753.1224975585938,813.7639770507812,677.25341796875,854.0281982421875,1288.661376953125,363.3333740234375,2697.371826171875,188.25059509277344
2022-10-10,774.2003173828125,818.4797973632812,669.7747192382812,853.254150390625,1298.8291015625,359.9197998046875,2744.58837890625,189.7267303466797
2022-10-11,782.8706665039062,797.5345458984375,662.9823608398438,842.46435546875,1264.3304443359375,355.8692321777344,2701.46435546875,186.54383850097656
2022-10-12,805.9417114257812,808.9205932617188,667.3133544921875,840.287109375,1268.681396484375,360.30792236328125,2728.9228515625,188.18141174316406
2022-10-13,799.2645874023438,834.496826171875,659.6452026367188,826.0137939453125,1260.8671875,358.57623291015625,2731.1669921875,174.87332153320312
2022-10-14,797.7697143554688,851.873291015625,681.1348266601562,842.1256713867188,1309.1297607421875,365.0451354980469,2727.5146484375,174.0430145263672
2022-10-17,811.3731079101562,845.1180419921875,684.70849609375,856.5925903320312,1323.0712890625,369.8520202636719,2745.69189453125,173.02818298339844
2022-10-18,813.565673828125,857.5237426757812,683.4304809570312,867.91455078125,1335.2811279296875,370.1605529785156,2774.765380859375,174.96556091308594
2022-10-19,827.01953125,854.4772338867188,690.4359130859375,863.26953125,1319.0753173828125,372.0813293457031,2754.603271484375,174.38897705078125
2022-10-20,823.0332641601562,873.143310546875,685.7736206054688,859.9310913085938,1332.794921875,370.9268493652344,2785.883544921875,175.98040771484375
2022-10-21,897.3289794921875,881.5535888671875,680.9454956054688,877.8331909179688,1332.439697265625,378.7094421386719,2768.323974609375,176.46475219726562
2022-10-24,906.3480834960938,885.3297119140625,691.5718994140625,896.3643798828125,1347.8463134765625,377.34600830078125,2789.765869140625,177.45652770996094
2022-10-25,899.7705688476562,880.9529418945312,686.767578125,895.1546630859375,1355.3499755859375,367.5531005859375,2790.1181640625,177.43345642089844
2022-10-27,912.0286865234375,885.7161254882812,688.42431640625,894.5258178710938,1368.052490234375,371.2154541015625,2785.97119140625,176.51087951660156
2022-10-28,899.9699096679688,883.9566650390625,690.4595336914062,878.5105590820312,1358.4468994140625,375.04705810546875,2791.13330078125,176.78765869140625
2022-10-31,902.9098510742188,893.5258178710938,708.4464721679688,879.3331909179688,1380.3509521484375,378.57012939453125,2817.515625,178.3098907470703
2022-11-01,868.7766723632812,909.7459716796875,716.2802124023438,879.236328125,1412.0845947265625,380.01318359375,2876.2373046875,181.00840759277344
2022-11-02,860.6046142578125,897.00146484375,716.7298583984375,875.46240234375,1394.4000244140625,380.1624755859375,2860.354736328125,181.72340393066406
2022-11-03,861.1029052734375,896.958740234375,713.5821533203125,879.2847900390625,1374.1568603515625,378.2118225097656,2829.516357421875,179.2094268798828
2022-11-04,865.1390991210938,897.1302490234375,708.6595458984375,876.04296875,1359.1201171875,378.1720275878906,2838.913330078125,180.15504455566406
2022-11-07,869.9725952148438,898.675048828125,714.1738891601562,887.8487548828125,1353.2403564453125,374.7186584472656,2853.29541015625,180.59326171875
2022-11-09,870.7200927734375,904.0817260742188,713.9608154296875,881.074951171875,1356.6068115234375,376.8683166503906,2837.72216796875,180.33956909179688
2022-11-10,840.8223266601562,903.2235107421875,721.7236328125,881.2685546875,1348.3028564453125,380.600341796875,2828.545654296875,179.39390563964844
2022-11-11,847.7984619140625,936.00732421875,762.6201171875,877.2525634765625,1409.4813232421875,378.00286865234375,2925.869873046875,184.37579345703125
2022-11-14,848.097412109375,943.1731567382812,764.4661865234375,866.0275268554688,1423.12646484375,382.7201843261719,2943.1201171875,182.92276000976562
2022-11-15,855.721435546875,947.3785400390625,766.3358764648438,882.2361450195312,1430.9365234375,380.650146484375,2940.5615234375,183.1995086669922
2022-11-16,852.4824829101562,948.4940795898438,772.915283203125,884.0747680664062,1438.836181640625,391.2989196777344,2960.635009765625,183.70693969726562
2022-11-17,855.2728881835938,937.6376953125,765.9335327148438,890.0744018554688,1425.01171875,388.2436218261719,2955.03173828125,183.01502990722656
2022-11-18,856.26953125,946.7348022460938,763.921875,890.6065673828125,1430.3978271484375,390.0350036621094,2950.134765625,181.67727661132812
2022-11-21,867.08251953125,940.1694946289062,756.0880737304688,891.6226806640625,1407.7757568359375,386.95977783203125,2897.237060546875,179.27859497070312
2022-11-22,867.08251953125,946.9492797851562,754.9756469726562,893.848388671875,1422.902099609375,386.0939636230469,2924.987548828125,179.34779357910156
2022-11-23,871.7166748046875,946.9492797851562,756.9400634765625,897.4771728515625,1421.1964111328125,388.8009948730469,2919.11962890625,179.32473754882812
2022-11-24,875.5534057617188,969.4345092773438,769.2468872070312,908.5087280273438,1463.074462890625,387.10906982421875,2982.517822265625,183.70693969726562
2022-11-25,884.7220458984375,968.2328491210938,765.6968994140625,900.235107421875,1468.3258056640625,383.8348388671875,2990.900146484375,185.8057861328125
2022-11-28,888.6585693359375,960.1658325195312,757.4607543945312,907.1056518554688,1457.328857421875,383.7850646972656,2995.84130859375,187.12045288085938
2022-11-29,889.5057373046875,968.8764038085938,756.32470703125,916.1534423828125,1462.4010009765625,383.26751708984375,2997.694091796875,186.88980102539062
2022-11-30,898.1760864257812,961.88232421875,761.342041015625,922.104736328125,1467.697265625,387.5469970703125,2991.9150390625,187.6970672607422
2022-12-01,900.7671508789062,975.2704467773438,766.5724487304688,909.8151245117188,1487.5814208984375,385.0091247558594,3066.78369140625,190.8337860107422
2022-12-02,902.062744140625,974.540771484375,760.703125,900.5253295898438,1470.345703125,384.3125305175781,3034.577392578125,190.234130859375
2022-12-05,896.133056640625,970.5071411132812,763.4721069335938,903.4284057617188,1472.00634765625,385.8352355957031,3022.885986328125,190.2110595703125
2022-12-06,901.5645141601562,962.0108032226562,762.6201171875,892.8323364257812,1447.9031982421875,385.1982727050781,2987.1064453125,189.7498016357422
2022-12-07,911.5304565429688,949.0949096679688,762.2887573242188,892.3484497070312,1441.2598876953125,380.4610595703125,2982.9150390625,187.4202880859375
2022-12-08,936.1461181640625,945.18994140625,766.5724487304688,901.7833862304688,1454.411376953125,377.5848693847656,2956.400146484375,186.22093200683594
2022-12-09,930.515380859375,881.8111572265625,772.0396118164062,899.8480224609375,1408.7633056640625,375.80340576171875,2905.399169921875,181.76954650878906
2022-12-12,935.4485473632812,882.58349609375,778.0509643554688,900.235107421875,1388.9239501953125,371.3647766113281,2899.840087890625,182.83050537109375
2022-12-13,941.378173828125,896.5723876953125,780.2046508789062,902.7994384765625,1411.3216552734375,371.9121398925781,2940.120361328125,183.47628784179688
2022-12-14,939.1857299804688,906.4418334960938,786.8078002929688,891.9613647460938,1417.8299560546875,372.8476257324219,2969.458984375,184.5372314453125
2022-12-15,934.9501953125,894.5556030273438,772.3945922851562,879.4298706054688,1382.9093017578125,370.85723876953125,2916.29638671875,182.30003356933594
2022-12-16,931.9105224609375,883.6563720703125,776.1102905273438,872.849609375,1366.4814453125,366.3488464355469,2859.074951171875,179.7860107421875
2022-12-19,942.9727172851562,886.7459106445312,778.5243530273438,877.1558837890625,1353.150634765625,369.8520202636719,2825.369384765625,179.46311950683594
2022-12-20,946.5105590820312,883.69921875,773.1520385742188,880.30078125,1353.1058349609375,367.652587890625,2862.340087890625,179.41700744628906
2022-12-21,929.1201782226562,892.8391723632812,765.6731567382812,863.4147338867188,1355.12548828125,361.1837158203125,2884.046142578125,179.6707000732422
2022-12-22,916.4136352539062,891.7665405273438,763.046142578125,861.866455078125,1366.346923828125,363.46270751953125,2876.2373046875,179.32473754882812
2022-12-23,903.5077514648438,884.4716186523438,756.2301025390625,850.4962158203125,1343.94921875,362.64666748046875,2848.5751953125,174.20445251464844
2022-12-26,925.5324096679688,885.4155883789062,771.2822265625,864.3340454101562,1348.7071533203125,360.9747009277344,2870.23681640625,175.5191192626953
2022-12-27,929.0205078125,889.4063720703125,772.063232421875,871.5433349609375,1359.88330078125,362.4376525878906,2876.06005859375,178.33297729492188
2022-12-28,921.5460815429688,888.6339721679688,771.4478759765625,869.8982543945312,1355.6641845703125,362.2784118652344,2873.94287109375,178.88650512695312
2022-12-29,931.3624267578125,896.35791015625,776.891357421875,878.7041015625,1362.3072509765625,362.00970458984375,2884.222412109375,180.24729919433594
2022-12-30,930.565185546875,891.9381103515625,770.6668701171875,862.0599365234375,1353.9134521484375,363.7016296386719,2873.590087890625,181.1698760986328
2023-01-02,938.3883666992188,892.0668334960938,770.9271850585938,873.2850952148438,1368.0975341796875,363.2637023925781,2877.781005859375,181.30825805664062
2023-01-03,959.017822265625,893.697265625,775.96826171875,872.220703125,1366.795654296875,364.8162536621094,2921.8115234375,183.1533966064453
2023-01-04,954.1843872070312,889.620849609375,762.0994873046875,870.0433349609375,1341.884521484375,362.4078063964844,2924.722900390625,179.76295471191406
2023-01-05,946.311279296875,896.0574951171875,757.200439453125,850.7381591796875,1324.289306640625,362.3182373046875,2921.590576171875,178.47134399414062
2023-01-06,936.6942749023438,886.3597412109375,754.6917724609375,841.9805297851562,1300.3209228515625,355.6502990722656,2833.751953125,176.21104431152344
2023-01-09,955.47998046875,916.0966796875,756.1589965820312,845.1255493164062,1332.59326171875,360.64630126953125,2929.399658203125,180.73165893554688
2023-01-10,948.9024658203125,913.0071411132812,742.3375854492188,833.5133666992188,1319.3970947265625,357.3919372558594,2899.79638671875,181.30825805664062
2023-01-11,946.5105590820312,905.2402954101562,753.0350341796875,838.3034057617188,1320.7435302734375,358.6459045410156,2937.120361328125,181.67727661132812
2023-01-12,932.359130859375,919.7013549804688,757.0584716796875,832.8359985351562,1329.136962890625,354.1972961425781,2942.105224609375,181.97711181640625
2023-01-13,930.9638061523438,924.979248046875,757.6500854492188,845.2223510742188,1349.829345703125,354.3565368652344,2977.576416015625,181.70034790039062
2023-01-16,910.0355224609375,938.6246948242188,750.3843383789062,837.287353515625,1369.444091796875,355.2522277832031,3008.7099609375,183.86839294433594
2023-01-17,914.5699462890625,953.5148315429688,761.5551147460938,837.1905517578125,1382.01171875,357.8099365234375,3048.732177734375,182.83050537109375
2023-01-18,920.8484497070312,957.0335083007812,774.9978637695312,841.39990234375,1387.30810546875,358.0985412597656,3059.200439453125,185.99032592773438
2023-01-19,925.5324096679688,962.4456787109375,778.2166137695312,838.158203125,1381.47314453125,351.7689514160156,3043.949462890625,186.08258056640625
2023-01-20,927.3760986328125,959.328125,786.1923828125,842.2224731445312,1369.4888916015625,350.8931579589844,3034.92529296875,185.9672393798828
2023-01-23,929.518798828125,970.9321899414062,791.9434204101562,843.5288696289062,1389.64208984375,355.0432434082031,3081.67041015625,187.7432098388672
2023-01-24,907.0955810546875,985.3505859375,802.5462646484375,842.6095581054688,1393.143310546875,350.36572265625,3100.98193359375,188.02066040039062
2023-01-25,889.306396484375,972.2744750976562,780.3704223632812,827.6588745117188,1385.1536865234375,348.2857360839844,3095.07177734375,185.68540954589844
2023-01-27,870.7698364257812,966.0825805664062,764.8211669921875,790.790283203125,1363.743408203125,340.9808349609375,3078.1962890625,184.0669403076172
2023-01-30,868.8762817382812,982.6663208007812,764.0401611328125,796.8865356445312,1381.3834228515625,343.5982360839844,3098.591064453125,186.00912475585938
2023-01-31,868.6271362304688,971.7981567382812,758.9990234375,805.01513671875,1376.8499755859375,344.543701171875,3030.954345703125,184.4368896484375
2023-02-01,854.3260498046875,980.3712158203125,770.3829345703125,820.5464477539062,1392.425048828125,347.27056884765625,3075.759765625,186.07846069335938
2023-02-02,865.4879760742188,995.52587890625,758.9281005859375,830.1749267578125,1421.7349853515625,350.664306640625,3122.730712890625,189.33856201171875
2023-02-03,879.589599609375,992.5382080078125,785.1746826171875,835.8841552734375,1435.7841796875,354.3565368652344,3142.49365234375,188.62179565429688
2023-02-06,879.6395874023438,992.1486206054688,781.8377075195312,826.1105346679688,1409.2568359375,347.7283935546875,3122.324462890625,187.11892700195312
2023-02-07,876.1015625,977.037353515625,782.997314453125,825.1912841796875,1402.569091796875,353.3811950683594,3133.695556640625,185.1998748779297
2023-02-08,868.7766723632812,991.5425415039062,782.902587890625,831.3360595703125,1427.7945556640625,351.41070556640625,3176.605224609375,188.08999633789062
2023-02-09,864.7404174804688,992.71142578125,781.2696533203125,832.9811401367188,1451.5836181640625,352.48553466796875,3195.330810546875,188.80677795410156
2023-02-10,864.2920532226562,966.1263427734375,784.3700561523438,826.2557373046875,1443.998046875,352.71441650390625,3192.352294921875,187.6507110595703
2023-02-13,856.1698608398438,963.8311767578125,784.961669921875,823.1591186523438,1407.1025390625,353.0627746582031,3142.58349609375,185.24612426757812
2023-02-14,867.7800903320312,974.6126708984375,792.2273559570312,837.3356323242188,1430.26318359375,352.37603759765625,3158.556884765625,187.32701110839844
2023-02-15,865.3384399414062,981.0641479492188,790.6181640625,842.657958984375,1433.674560546875,355.39154052734375,3177.101318359375,188.3905792236328
2023-02-16,861.8005981445312,976.9505615234375,787.7544555664062,841.3516235351562,1437.938720703125,355.87921142578125,3210.8515625,189.546630859375
2023-02-17,851.9841918945312,960.8438110351562,783.8021240234375,834.7713623046875,1421.7799072265625,350.1666564941406,3159.50439453125,187.88192749023438
2023-02-20,843.8619384765625,966.1692504882812,776.4415893554688,824.562255859375,1429.545166015625,345.7976379394531,3147.005615234375,188.22874450683594
2023-02-21,841.171142578125,957.0765380859375,779.3526000976562,826.5944213867188,1417.9197998046875,344.38446044921875,3114.24755859375,186.24032592773438
2023-02-22,830.5076293945312,946.1654663085938,764.0637817382812,812.1275634765625,1402.030517578125,338.4828186035156,3069.62353515625,182.7259063720703
2023-02-23,841.4700927734375,947.6806640625,758.8807373046875,812.6114501953125,1392.06591796875,339.7965087890625,3080.677978515625,182.1710205078125
2023-02-24,848.49609375,948.1138305664062,752.1119384765625,812.56298828125,1392.0211181640625,337.8359375,3068.630615234375,181.8704071044922
2023-02-27,851.43603515625,938.6746215820312,753.9816284179688,828.7233276367188,1354.901123046875,343.5385437011719,3006.724609375,180.50628662109375
2023-02-28,841.2208862304688,933.175537109375,757.153076171875,827.223388671875,1335.376220703125,344.19537353515625,2989.5791015625,178.98028564453125
2023-03-01,862.19921875,953.526123046875,756.41943359375,828.6265258789062,1343.0067138671875,347.3104248046875,3055.319580078125,180.7837677001953
2023-03-02,842.5663452148438,957.72607421875,749.98193359375,826.40087890625,1321.551513671875,342.6925964355469,2997.339599609375,179.44273376464844
2023-03-03,849.7418212890625,969.0271606445312,764.8685302734375,840.4806518554688,1327.97021484375,348.5245666503906,3016.01953125,180.55255126953125
2023-03-06,856.5684814453125,975.6950073242188,770.2645874023438,839.70654296875,1353.2403564453125,348.5245666503906,3042.821533203125,182.07852172851562
2023-03-08,858.0135498046875,970.4558715820312,771.8029174804688,843.9158935546875,1339.999267578125,346.3748779296875,3059.561279296875,181.5467529296875
2023-03-09,864.8401489257812,966.9918823242188,771.8739013671875,828.2879028320312,1328.957763671875,341.6974182128906,3011.236572265625,180.39071655273438
2023-03-10,848.994384765625,966.6890869140625,751.9700317382812,815.4176635742188,1321.012939453125,338.2340393066406,3005.95751953125,179.9282684326172
2023-03-13,829.5110473632812,951.3611450195312,742.4559326171875,801.628173828125,1288.2916259765625,333.1783447265625,2961.693603515625,178.2404327392578
2023-03-14,830.00927734375,938.7612915039062,740.4678344726562,803.5151977539062,1274.736328125,328.0728454589844,2901.232421875,175.46591186523438
2023-03-15,821.2393798828125,934.950927734375,729.8413696289062,799.208984375,1274.4222412109375,331.595947265625,2886.748046875,173.75494384765625
2023-03-16,827.7171020507812,928.6727294921875,734.5748291015625,797.273681640625,1260.4630126953125,331.1182556152344,2874.20458984375,172.41390991210938
2023-03-17,834.5438842773438,959.8910522460938,744.3966064453125,809.2245483398438,1275.3646240234375,336.9999694824219,2869.06103515625,174.1017608642578
2023-03-20,834.693359375,944.64990234375,739.2371826171875,809.4180908203125,1260.05908203125,338.3036804199219,2836.573486328125,169.7781219482422
2023-03-21,852.6817016601562,938.6315307617188,747.615234375,824.8526611328125,1248.4337158203125,339.7367858886719,2803.00341796875,169.43130493164062
2023-03-22,846.7520751953125,936.5095825195312,745.8875732421875,832.4005126953125,1247.1319580078125,339.3984680175781,2825.29345703125,169.43130493164062
2023-03-23,845.9049072265625,923.0436401367188,739.8998413085938,827.8040771484375,1233.9359130859375,334.3327941894531,2819.743408203125,167.16543579101562
2023-03-24,837.0352783203125,910.7902221679688,738.7164916992188,824.8526611328125,1239.411865234375,336.81085205078125,2815.998291015625,167.2810516357422
2023-03-27,830.5076293945312,910.5736694335938,741.9352416992188,821.272216796875,1246.8629150390625,339.4083557128906,2817.623046875,167.04981994628906
2023-03-28,829.6107788085938,901.5675659179688,747.97021484375,827.1266479492188,1236.6739501953125,338.1543884277344,2811.84765625,164.714599609375
2023-03-29,839.7260131835938,924.4293823242188,751.5676879882812,823.497802734375,1242.0152587890625,342.563232421875,2832.602783203125,166.03248596191406
2023-03-31,855.5718994140625,939.8002319335938,761.8628540039062,848.8994750976562,1281.8729248046875,344.9119567871094,2893.064697265625,168.89952087402344
2023-04-03,861.6510620117188,950.9714965820312,762.3361206054688,855.23779296875,1266.522216796875,347.46966552734375,2887.74072265625,170.14804077148438
2023-04-05,857.5650024414062,962.2724609375,782.7843017578125,856.011962890625,1277.92333984375,348.7037353515625,2923.6572265625,170.98040771484375
2023-04-06,849.044189453125,945.5159301757812,788.7484130859375,846.7222290039062,1276.4420166015625,349.7387390136719,2906.4208984375,169.54690551757812
2023-04-10,844.4598388671875,955.2582397460938,785.009033203125,840.3839111328125,1281.5589599609375,350.1766052246094,2944.95361328125,172.6219940185547
2023-04-11,850.3895874023438,941.3159790039062,787.3048095703125,853.3992309570312,1262.30322265625,367.533203125,2900.194091796875,171.21160888671875
2023-04-12,848.1472778320312,947.8107299804688,797.5288696289062,861.3826293945312,1282.187255859375,367.0455017089844,2925.326904296875,172.0902099609375
2023-04-13,861.4019165039062,928.1963500976562,801.1025390625,869.9465942382812,1247.087158203125,372.1111755371094,2877.678466796875,170.30990600585938
2023-04-17,861.6011962890625,902.5200805664062,788.8905029296875,872.1722412109375,1129.5780029296875,377.21661376953125,2833.14453125,167.0960693359375
2023-04-18,860.4052734375,921.2685546875,785.5533447265625,867.8660278320312,1130.5206298828125,375.8531799316406,2825.248779296875,170.12493896484375
2023-04-19,870.4210205078125,899.4892578125,788.4407958984375,863.0760498046875,1106.14794921875,375.1764221191406,2788.11376953125,166.8417205810547
2023-04-20,865.7869262695312,898.4501953125,791.3754272460938,865.4953002929688,1098.248291015625,374.9972839355469,2801.830322265625,167.78970336914062
2023-04-21,861.25244140625,908.3653564453125,792.6534423828125,857.028076171875,1101.794189453125,376.9180603027344,2852.410888671875,170.19427490234375
2023-04-24,879.2906494140625,912.781982421875,799.0671997070312,875.5108032226562,1100.8514404296875,377.6346435546875,2864.99951171875,174.77227783203125
2023-04-25,875.3541870117188,912.2623291015625,787.7070922851562,883.9296264648438,1099.5947265625,376.0522155761719,2866.082763671875,173.7086944580078
2023-04-26,884.6224975585938,922.7407836914062,791.328125,885.3811645507812,1101.9737548828125,373.9224853515625,2886.071044921875,173.2000274658203
2023-04-27,878.3937377929688,927.6766967773438,795.682861328125,888.6712036132812,1118.7606201171875,379.8937683105469,2876.866455078125,173.13067626953125
2023-04-28,857.0667724609375,937.2330932617188,798.806884765625,887.993896484375,1124.595947265625,385.7555847167969,2905.11181640625,178.03233337402344
2023-05-02,867.680419921875,940.2718505859375,798.6411743164062,892.300048828125,1146.768798828125,382.39178466796875,2905.247314453125,179.58145141601562
2023-05-03,856.917236328125,932.6971435546875,801.4339599609375,893.0257568359375,1139.318115234375,384.3423767089844,2869.601806640625,178.07855224609375
2023-05-04,862.9964599609375,939.6111450195312,817.8351440429688,891.9130249023438,1143.26806640625,387.65643310546875,2906.4208984375,177.4311981201172
2023-05-05,862.3486938476562,929.7025756835938,769.4835205078125,896.9933471679688,1130.296142578125,383.89453125,2915.44482421875,175.44277954101562
2023-05-08,875.453857421875,947.4940795898438,778.3822631835938,907.5894775390625,1136.13134765625,389.8956604003906,2933.403564453125,175.882080078125
2023-05-09,885.2203979492188,950.3567504882812,778.406005859375,904.20263671875,1140.7095947265625,388.9900207519531,2962.8671875,176.7837677001953
2023-05-10,886.86474609375,949.740234375,782.0032958984375,905.7991943359375,1134.021728515625,389.8658142089844,2966.071044921875,177.45431518554688
2023-05-11,892.8942260742188,958.371826171875,782.5240478515625,908.847412109375,1127.6031494140625,389.716552734375,2961.8740234375,177.8704833984375
2023-05-12,907.5440063476562,964.8894653320312,789.4347534179688,913.3955688476562,1117.8182373046875,390.2440185546875,2954.79052734375,177.22311401367188
2023-05-15,912.6763916015625,968.6326904296875,793.2214965820312,915.185791015625,1129.6229248046875,392.7121276855469,2937.41845703125,178.37916564941406
2023-05-16,914.6696166992188,960.6617431640625,788.6732788085938,915.7662963867188,1134.96435546875,387.5469970703125,2940.21630859375,178.93405151367188
2023-05-17,911.6798095703125,946.4373779296875,784.4360961914062,908.9926147460938,1119.34423828125,380.00323486328125,2895.591796875,176.7837677001953
2023-05-18,911.5802001953125,951.1493530273438,787.572021484375,915.9115600585938,1118.5362548828125,383.6357727050781,2887.605224609375,176.9225311279297
2023-05-19,920.8982543945312,964.7572021484375,788.481689453125,923.45947265625,1139.093505859375,386.4721374511719,2908.360595703125,178.58724975585938
2023-05-22,914.4204711914062,986.3362426757812,785.6808471679688,919.6371459960938,1160.5487060546875,386.18353271484375,2976.80908203125,183.0033721923828
2023-05-23,913.0253295898438,975.3267211914062,783.8375854492188,922.5885620117188,1167.05712890625,382.46142578125,2975.3203125,183.88197326660156
2023-05-24,914.5699462890625,979.3782348632812,773.592041015625,910.2505493164062,1165.8004150390625,380.2420959472656,2981.006103515625,184.82994079589844
2023-05-25,917.9085083007812,982.9453735351562,770.6236572265625,909.4763793945312,1170.9171142578125,384.143310546875,2972.116455078125,182.24037170410156
2023-05-26,923.7883911132812,1003.3795776367188,773.592041015625,919.9757690429688,1182.6771240234375,387.14886474609375,3004.0625,185.75479125976562
2023-05-29,926.628662109375,991.9292602539062,783.0237426757812,917.5082397460938,1179.9390869140625,388.7710876464844,2996.34716796875,184.8761749267578
2023-05-30,934.2526245117188,1000.4287109375,783.6221923828125,919.2500610351562,1188.4222412109375,393.0505065917969,2992.6015625,186.12472534179688
2023-05-31,911.7296752929688,1008.5758666992188,771.22216796875,918.4759521484375,1183.4403076171875,400.94256591796875,2968.507568359375,186.656494140625
2023-06-01,916.5631713867188,1005.7575073242188,767.9425659179688,905.8475952148438,1184.5172119140625,384.1632385253906,2999.640380859375,188.27499389648438
2023-06-02,922.9412841796875,1001.4857177734375,769.1394653320312,907.8313598632812,1181.7880859375,385.8948974609375,2983.035888671875,187.25765991210938
2023-06-05,947.6068725585938,1002.58642578125,768.134033203125,916.1534423828125,1186.7918701171875,383.1381530761719,2967.9658203125,186.9108428955078
2023-06-06,964.8977661132812,994.0430908203125,765.7402954101562,911.6537475585938,1163.5926513671875,389.93548583984375,2916.888916015625,184.945556640625
2023-06-07,973.4185791015625,994.4395141601562,769.7139892578125,909.8151245117188,1172.6448974609375,386.0243225097656,2955.331787109375,186.263427734375
2023-06-08,958.8184814453125,992.41357421875,770.1926879882812,907.5894775390625,1167.0499267578125,375.4949035644531,2920.63427734375,184.7605743408203
2023-06-09,971.4254150390625,977.4404296875,771.1024780273438,907.7345581054688,1151.72021484375,372.6087951660156,2896.1328125,183.72012329101562
2023-06-12,970.8773193359375,1003.7757568359375,766.4105224609375,905.7024536132812,1175.374267578125,374.0916442871094,2930.06396484375,182.9340057373047
2023-06-13,982.487548828125,996.4210815429688,767.703125,913.056884765625,1187.1102294921875,369.4141540527344,2927.176025390625,182.91087341308594
2023-06-14,974.3653564453125,1000.4287109375,766.8652954101562,909.4280395507812,1183.061767578125,371.14581298828125,2933.80908203125,183.3270721435547
2023-06-15,973.8172607421875,1007.2548217773438,757.4336547851562,896.6546630859375,1170.68896484375,364.94561767578125,2924.0361328125,179.8589324951172
2023-06-16,978.2021484375,1011.3062133789062,767.3440551757812,904.0090942382812,1175.101318359375,369.7027893066406,2886.397705078125,176.32138061523438
2023-06-19,962.3564453125,1001.9263305664062,768.014404296875,893.3162231445312,1177.2392578125,363.1641845703125,2918.672119140625,175.7895965576172
2023-06-20,971.5250244140625,1029.318359375,769.6182861328125,895.6385498046875,1185.791015625,367.03558349609375,2934.399658203125,176.8762664794922
2023-06-21,962.7051391601562,1030.90380859375,783.0716552734375,894.8160400390625,1182.1064453125,367.34405517578125,2962.12841796875,178.2635498046875
2023-06-22,963.3031616210938,1024.6942138671875,786.9017944335938,895.8320922851562,1165.9127197265625,365.4631042480469,2944.21875,176.7837677001953
2023-06-23,955.131103515625,1026.2354736328125,786.8539428710938,893.65478515625,1150.85595703125,363.9603271484375,2924.08154296875,175.69712829589844
2023-06-26,957.2737426757812,1028.3055419921875,783.0476684570312,897.4771728515625,1155.7232666015625,362.845703125,2899.807373046875,176.1363983154297
2023-06-27,969.9305419921875,1030.5072021484375,794.0833129882812,905.8475952148438,1163.7291259765625,367.1749267578125,2906.80810546875,176.9225311279297
2023-06-28,974.8635864257812,1030.7274169921875,802.4856567382812,907.154052734375,1176.64794921875,366.3488464355469,2923.262939453125,176.50636291503906
2023-06-30,984.08203125,1046.3170166015625,814.5745239257812,904.3960571289062,1214.9947509765625,367.5431213378906,3002.175537109375,179.95138549804688
2023-07-03,978.750244140625,1040.7242431640625,823.3838500976562,912.0891723632812,1213.3568115234375,367.0256042480469,2974.947021484375,181.08432006835938
2023-07-04,967.3892211914062,1048.651123046875,827.405517578125,914.169677734375,1223.77392578125,370.5586242675781,3008.176513671875,183.09585571289062
2023-07-05,963.2034912109375,1052.3505859375,801.12109375,927.0399169921875,1225.729736328125,371.18560791015625,3018.267333984375,182.14788818359375
2023-07-06,977.6041870117188,1039.8875732421875,801.93505859375,928.3946533203125,1222.6365966796875,373.6637268066406,3020.948974609375,183.2114715576172
2023-07-07,974.3619995117188,1019.5857543945312,794.945068359375,915.8147583007812,1210.1727294921875,368.9264831542969,3026.721923828125,183.04962158203125
2023-07-10,961.7423095703125,990.4321899414062,793.0538940429688,917.7501831054688,1209.2176513671875,371.5936584472656,2974.62890625,180.3213348388672
2023-07-11,950.9182739257812,981.9767456054688,789.1998901367188,914.4116821289062,1226.91259765625,371.5339660644531,2975.03759765625,181.29238891601562
2023-07-12,947.7258911132812,978.1452026367188,781.8028564453125,913.87939453125,1212.9930419921875,373.82293701171875,2963.673583984375,181.19992065429688
2023-07-13,957.8516235351562,976.6038818359375,785.704833984375,924.8141479492188,1241.9237060546875,372.1509704589844,3036.99560546875,182.33285522460938
2023-07-14,954.7589721679688,1013.7283935546875,787.3327026367188,929.0236206054688,1297.282958984375,372.0116271972656,3195.27490234375,187.3038787841797
2023-07-17,962.5403442382812,1016.194580078125,803.80224609375,937.39404296875,1294.5537109375,377.59478759765625,3174.41064453125,192.02059936523438
2023-07-18,961.34326171875,1028.0411376953125,803.1320190429688,943.9259643554688,1342.089111328125,376.3607482910156,3179.0927734375,192.9223175048828
2023-07-19,961.99169921875,1029.6705322265625,806.7705688476562,941.9906005859375,1341.861572265625,379.49566650390625,3154.727783203125,193.26914978027344
2023-07-20,975.5591430664062,1026.7833251953125,808.51806640625,963.4247436523438,1318.7081298828125,389.507568359375,3156.77880859375,193.13040161132812
2023-07-21,968.974853515625,990.9371948242188,802.294189453125,964.7794799804688,1211.446533203125,392.1548156738281,3070.1865234375,187.1420440673828
2023-07-24,969.1744384765625,988.6720581054688,803.5628662109375,959.9410400390625,1215.9952392578125,377.6346435546875,3094.2958984375,186.8414764404297
2023-07-25,960.1959228515625,987.4728393554688,812.2764892578125,962.5537719726562,1214.17578125,373.3054504394531,3098.30615234375,185.15362548828125
2023-07-26,974.4617309570312,990.53759765625,809.45166015625,964.247314453125,1227.139892578125,377.2464904785156,3088.41650390625,186.24032592773438
2023-07-27,957.6021728515625,992.625244140625,801.0493774414062,958.2476196289062,1231.052001953125,372.95709228515625,3096.255126953125,184.945556640625
2023-07-28,947.676025390625,980.3657836914062,786.8539428710938,964.0054321289062,1219.5433349609375,373.57415771484375,3058.42822265625,184.39064025878906
2023-07-31,951.6165771484375,992.0479736328125,790.5403442382812,966.0374145507812,1233.371826171875,369.5335693359375,3118.632568359375,187.3038787841797
2023-08-01,957.6021728515625,1011.4144287109375,795.830810546875,962.40869140625,1242.0146484375,368.2298583984375,3146.5244140625,188.1824951171875
2023-08-02,942.9872436523438,1004.6627807617188,785.4176025390625,955.0543212890625,1234.41796875,362.9949951171875,3136.133544921875,186.263427734375
2023-08-03,933.310546875,999.8656005859375,779.7442016601562,933.8136596679688,1241.19580078125,362.9053955078125,3099.03564453125,184.8068084716797
2023-08-04,949.9705200195312,1016.6115112304688,791.0191040039062,939.1359252929688,1253.9781494140625,366.2421569824219,3138.77685546875,189.06109619140625
2023-08-07,945.1321411132812,1022.341552734375,790.5643310546875,944.1195068359375,1267.3062744140625,364.857666015625,3175.692138671875,190.12466430664062
2023-08-08,950.6190185546875,1013.9462890625,789.9180297851562,948.2321166992188,1264.7589111328125,364.1504821777344,3163.4326171875,192.5292510986328
2023-08-09,947.7258911132812,1016.433837890625,790.2052001953125,949.0126953125,1268.579833984375,364.8476867675781,3156.049560546875,193.19976806640625
2023-08-10,937.50048828125,1007.6832885742188,783.1912841796875,940.6220703125,1263.7581787109375,358.7420349121094,3137.45556640625,193.59283447265625
2023-08-11,934.9566040039062,1040.6864013671875,775.0283203125,929.6460571289062,1248.0648193359375,356.86944580078125,3143.561767578125,191.00326538085938
2023-08-14,937.699951171875,1040.28662109375,771.24609375,936.182861328125,1267.8067626953125,357.3973388671875,3144.519775390625,191.97434997558594
2023-08-16,930.8164672851562,1045.7501220703125,768.995849609375,933.2071533203125,1290.5052490234375,355.8236083984375,3152.312744140625,193.59283447265625
2023-08-17,934.30810546875,1045.350341796875,764.73486328125,928.4752807617188,1284.1824951171875,351.7398986816406,3131.6669921875,193.0841522216797
2023-08-18,940.7925415039062,1042.68505859375,761.598876953125,927.4996337890625,1263.4852294921875,348.77166748046875,3069.093017578125,190.3790283203125
2023-08-21,950.319580078125,1047.61572265625,761.0003662109375,931.9387817382812,1278.58740234375,350.67413330078125,3100.585205078125,191.7200164794922
2023-08-22,954.7589721679688,1047.837890625,757.744873046875,928.8167724609375,1277.0863037109375,351.221923828125,3082.810546875,192.87608337402344
2023-08-23,976.9058837890625,1050.5028076171875,759.6119995117188,943.3051147460938,1280.9073486328125,354.5985107421875,3097.486083984375,192.02059936523438
2023-08-24,979.0007934570312,1040.5087890625,756.1170654296875,945.3539428710938,1295.14501953125,354.77777099609375,3087.915283203125,190.84141540527344
2023-08-25,980.74658203125,1025.139892578125,747.594970703125,946.7686157226562,1291.9610595703125,354.35943603515625,3082.0361328125,189.4541473388672
2023-08-28,987.8297119140625,1018.476806640625,755.3749389648438,946.9149780273438,1287.9124755859375,356.6503601074219,3076.795166015625,188.691162109375
2023-08-29,978.3524780273438,1028.3380126953125,761.3834838867188,944.1832275390625,1289.73193359375,355.2060546875,3077.341796875,188.7142791748047
2023-08-30,980.9960327148438,1039.8421630859375,755.8297729492188,935.5487060546875,1305.653076171875,353.5726013183594,3090.83251953125,188.298095703125
2023-08-31,971.169677734375,1041.3082275390625,752.358642578125,935.4024047851562,1305.92578125,350.35540771484375,3059.704345703125,188.85301208496094
2023-09-01,988.7774658203125,1053.4345703125,753.9147338867188,945.1100463867188,1313.56787109375,352.8155822753906,3080.122314453125,192.5292510986328
2023-09-04,979.898681640625,1094.9217529296875,758.6306762695312,943.7929077148438,1332.9005126953125,351.04266357421875,3115.943603515625,200.73724365234375
2023-09-05,979.1005859375,1097.6312255859375,754.010498046875,944.8173828125,1345.455322265625,352.80560302734375,3125.833251953125,199.69680786132812
2023-09-06,962.7398681640625,1097.897705078125,763.873046875,934.182861328125,1344.1361083984375,352.6562194824219,3126.334716796875,198.51760864257812
2023-09-07,975.8583984375,1114.0216064453125,771.22216796875,942.1343383789062,1333.9012451171875,356.38140869140625,3149.44140625,200.1592254638672
2023-09-08,977.9534301757812,1121.1732177734375,777.2306518554688,946.9149780273438,1336.99462890625,357.21807861328125,3137.2724609375,198.84130859375
2023-09-11,998.0053100585938,1138.4964599609375,781.2523803710938,954.4274291992188,1343.2261962890625,360.1463928222656,3172.593017578125,201.08404541015625
2023-09-12,998.504150390625,1139.2515869140625,783.6940307617188,966.379150390625,1365.652099609375,360.8038024902344,3263.87939453125,201.15341186523438
2023-09-13,1012.0216674804688,1132.8995361328125,787.04541015625,965.6961669921875,1363.1502685546875,363.47320556640625,3252.07568359375,201.4771270751953
2023-09-14,1018.4561767578125,1140.317626953125,786.5665893554688,963.6473999023438,1370.9742431640625,362.8655700683594,3244.9658203125,201.82394409179688
2023-09-15,1024.6912841796875,1158.9737548828125,795.5914306640625,968.2816772460938,1375.2047119140625,361.3416442871094,3279.83056640625,203.95106506347656
2023-09-18,1022.2970581054688,1159.3287353515625,779.9357299804688,966.0864868164062,1357.1912841796875,358.2439880371094,3286.985595703125,201.66209411621094
2023-09-20,1024.8409423828125,1149.0235595703125,748.6483154296875,963.1107788085938,1355.7811279296875,356.4710693359375,3286.89453125,198.88755798339844
2023-09-21,1012.0216674804688,1135.3426513671875,743.6929931640625,935.93896484375,1366.2435302734375,349.747802734375,3267.98095703125,198.35577392578125
2023-09-22,1015.8125610351562,1131.522705078125,732.3462524414062,927.1580810546875,1361.14892578125,349.8972473144531,3284.706787109375,193.52345275878906
2023-09-25,1016.5109252929688,1122.4168701171875,732.9925537109375,933.060791015625,1341.1339111328125,355.465087890625,3260.552734375,191.48883056640625
2023-09-26,1011.7223510742188,1120.639892578125,736.1763305664062,925.59716796875,1328.85205078125,351.421142578125,3268.344970703125,190.9338836669922
2023-09-27,1022.745849609375,1120.3289794921875,731.005615234375,920.1334228515625,1334.6290283203125,351.6303405761719,3271.626708984375,192.20556640625
2023-09-28,1028.4322509765625,1103.2723388671875,729.49755859375,919.6456298828125,1309.564697265625,345.26568603515625,3223.728271484375,187.442626953125
2023-09-29,1034.21826171875,1096.9649658203125,730.7423706054688,928.7191772460938,1305.92578125,345.763671875,3216.299560546875,187.76629638671875
2023-10-03,1038.5579833984375,1100.4293212890625,722.0048828125,917.4016723632812,1304.606689453125,344.04052734375,3202.85498046875,187.48886108398438
2023-10-04,993.1668090820312,1101.1846923828125,732.29833984375,907.4012451171875,1314.022705078125,343.04449462890625,3224.63916015625,187.23451232910156
2023-10-05,1000.8484497070312,1097.5423583984375,735.2667236328125,917.938232421875,1331.3992919921875,345.4748229980469,3271.6728515625,188.11312866210938
2023-10-06,998.553955078125,1099.541259765625,734.452880859375,922.182373046875,1345.2734375,347.39715576171875,3300.8857421875,188.5986785888672
2023-10-09,993.8651733398438,1110.1129150390625,725.9307861328125,915.7431030273438,1342.31640625,342.49664306640625,3316.3359375,187.55821228027344
2023-10-10,1009.8268432617188,1120.951171875,730.0481567382812,928.0362548828125,1360.2391357421875,349.8274841308594,3307.721923828125,188.55242919921875
2023-10-11,1016.6605224609375,1106.559326171875,737.1099243164062,929.8899536132812,1359.5567626953125,352.8753662109375,3290.40380859375,194.74888610839844
2023-10-12,1016.0120849609375,1087.1483154296875,742.017333984375,931.011962890625,1333.264404296875,351.371337890625,3229.0146484375,192.87608337402344
2023-10-13,991.67041015625,1115.7095947265625,735.2667236328125,928.1337280273438,1302.013916015625,351.0028076171875,3254.809814453125,190.07839965820312
2023-10-16,1002.3946533203125,1128.8131103515625,732.3223266601562,928.2313842773438,1304.7431640625,348.5625305175781,3212.15185546875,189.6853790283203
2023-10-17,1005.6369018554688,1134.58740234375,737.8759765625,930.6704711914062,1312.294189453125,352.9052429199219,3196.656494140625,190.24026489257812
2023-10-18,990.4732666015625,1127.7471923828125,727.6065063476562,920.7677001953125,1310.5657958984375,349.2896423339844,3178.609130859375,188.41371154785156
2023-10-19,989.02685546875,1125.8814697265625,725.308349609375,912.9624633789062,1304.288330078125,346.31146240234375,3157.9560546875,182.7952880859375
2023-10-20,978.0032348632812,1128.796142578125,729.066650390625,910.0355834960938,1298.4656982421875,352.51678466796875,3193.5048828125,181.19992065429688
2023-10-23,961.99169921875,1109.110107421875,721.04736328125,907.3037109375,1281.544189453125,346.7696838378906,3116.37548828125,177.17686462402344
2023-10-25,953.1629028320312,1102.2489013671875,716.4751586914062,893.7909545898438,1262.5604248046875,344.23974609375,3098.05322265625,176.57571411132812
2023-10-26,969.72314453125,1104.7603759765625,700.6279296875,886.5224609375,1252.7919921875,337.6260681152344,3049.298828125,174.91098022460938
2023-10-27,1000.349609375,1137.854736328125,703.380859375,890.5225830078125,1272.0521240234375,339.1898193359375,3062.275634765625,176.8069305419922
2023-10-30,986.83203125,1134.3118896484375,711.0172119140625,902.376708984375,1269.0111083984375,342.13812255859375,3087.497802734375,176.64508056640625
2023-10-31,979.4996337890625,1144.4017333984375,706.8997802734375,893.0592041015625,1261.039794921875,346.500732421875,3078.5419921875,176.5525665283203
2023-11-01,969.4736938476562,1129.1102294921875,705.9421997070312,891.7908935546875,1247.90771484375,343.51263427734375,3043.72412109375,176.1595458984375
2023-11-02,980.5969848632812,1142.0699462890625,707.0194091796875,897.5472412109375,1262.6524658203125,346.1620788574219,3070.637451171875,177.40805053710938
2023-11-03,986.48291015625,1135.6573486328125,710.370849609375,911.0599365234375,1280.0697021484375,345.2756042480469,3062.229736328125,177.36183166503906
2023-11-06,1006.9837036132812,1138.7513427734375,715.5175170898438,922.42626953125,1293.2015380859375,346.66009521484375,3089.05126953125,177.8704833984375
2023-11-07,1018.4561767578125,1142.563232421875,712.0465087890625,925.0116577148438,1294.1231689453125,348.861328125,3080.095703125,177.24620056152344
2023-11-08,1019.2542724609375,1136.9132080078125,714.105224609375,912.9624633789062,1281.866455078125,347.8653259277344,3090.239501953125,176.73756408691406
2023-11-09,1019.4537963867188,1136.778564453125,711.280517578125,914.5234985351562,1266.9376220703125,347.6062927246094,3059.07666015625,176.11328125
2023-11-10,1026.736328125,1125.97119140625,714.0812377929688,915.7431030273438,1261.4544677734375,347.7059631347656,3046.28271484375,175.39654541015625
2023-11-13,1022.8955078125,1130.94873046875,712.78857421875,911.6941528320312,1265.78564453125,348.2537841796875,3044.547119140625,176.48321533203125
2023-11-15,1038.857177734375,1144.98486328125,720.2573852539062,918.18212890625,1299.8367919921875,352.4968566894531,3111.02978515625,181.10743713378906
2023-11-16,1023.8931274414062,1175.836669921875,722.1484985351562,913.2063598632812,1331.537841796875,353.1642150878906,3196.5205078125,183.6276397705078
2023-11-17,991.9696655273438,1174.1329345703125,720.5924682617188,899.4009399414062,1324.764404296875,351.5207824707031,3200.724365234375,182.84152221679688
2023-11-20,986.3333129882812,1188.70703125,720.6403198242188,899.0107421875,1323.888916015625,352.7060241699219,3216.397216796875,185.0611572265625
2023-11-21,989.4258422851562,1189.7830810546875,726.74462890625,903.5474853515625,1326.1007080078125,352.0386657714844,3207.806396484375,185.26922607421875
2023-11-22,995.7107543945312,1192.563232421875,724.1593627929688,900.279052734375,1343.4256591796875,347.7457580566406,3226.037841796875,185.08425903320312
2023-11-23,996.6585083007812,1191.9356689453125,728.3485107421875,900.52294921875,1335.5465087890625,346.4808044433594,3206.02490234375,186.12472534179688
2023-11-24,1006.0859375,1174.1329345703125,733.5192260742188,906.7671508789062,1324.626220703125,347.4170837402344,3159.28076171875,183.11898803710938
2023-11-28,1018.7056274414062,1180.8594970703125,731.8674926757812,902.9620361328125,1329.5103759765625,347.0685119628906,3171.206298828125,183.5120391845703
2023-11-29,1057.6123046875,1196.375,746.4699096679688,916.7186889648438,1345.0843505859375,349.299560546875,3211.05078125,187.8588104248047
2023-11-30,1071.678466796875,1202.6083984375,746.3023071289062,912.1820068359375,1340.983642578125,349.697998046875,3187.153564453125,191.00326538085938
2023-12-01,1102.0057373046875,1198.8416748046875,744.6744995117188,923.6458129882812,1338.357177734375,348.71197509765625,3209.13134765625,188.50619506835938
2023-12-04,1122.905517578125,1199.9627685546875,770.5279541015625,967.0621337890625,1349.4617919921875,362.2679748535156,3209.8623046875,188.41371154785156
2023-12-05,1129.7391357421875,1181.666748046875,777.3742065429688,988.7703247070312,1339.8778076171875,364.2401123046875,3227.363037109375,186.98020935058594
2023-12-06,1117.8177490234375,1192.4290771484375,779.3372802734375,978.8186645507812,1358.6312255859375,362.8357238769531,3293.617919921875,193.6390838623047
2023-12-07,1115.1741943359375,1191.0390625,780.60595703125,974.6721801757812,1350.8902587890625,363.9213562011719,3303.487060546875,193.40785217285156
2023-12-08,1128.4920654296875,1223.4156494140625,791.4979248046875,986.2335815429688,1374.1591796875,366.232177734375,3314.2705078125,195.41940307617188
2023-12-11,1113.827392578125,1233.460693359375,790.4446411132812,992.3314208984375,1371.717041015625,367.34771728515625,3329.07470703125,194.49453735351562
2023-12-12,1128.292724609375,1233.460693359375,782.5927734375,990.9655151367188,1360.243896484375,363.42333984375,3355.759765625,195.23443603515625
2023-12-13,1112.1812744140625,1227.98974609375,780.8214111328125,989.2093505859375,1335.3162841796875,363.7919006347656,3283.97607421875,194.05523681640625
2023-12-14,1117.767822265625,1268.7073974609375,790.0377197265625,1008.4783935546875,1383.6510009765625,369.29998779296875,3351.327392578125,200.87596130371094
2023-12-15,1117.6680908203125,1337.4971923828125,793.1018676757812,1012.1370849609375,1454.5638427734375,368.6525573730469,3528.386474609375,206.49436950683594
2023-12-18,1108.689697265625,1349.1563720703125,792.69482421875,996.5755004882812,1441.6162109375,367.92547607421875,3526.741455078125,205.89324951171875
2023-12-19,1117.568359375,1334.8065185546875,791.3543090820312,990.7216186523438,1436.040771484375,367.84576416015625,3487.445556640625,202.86439514160156
2023-12-20,1107.5924072265625,1291.44287109375,793.3171997070312,982.1359252929688,1415.8590087890625,363.8516540527344,3454.409912109375,199.74305725097656
2023-12-21,1092.77783203125,1275.3892822265625,807.5365600585938,979.9407348632812,1415.4903564453125,369.0708923339844,3461.21826171875,200.69100952148438
2023-12-22,1085.6949462890625,1311.8465576171875,799.9481201171875,970.086669921875,1440.2799072265625,370.62469482421875,3494.573486328125,213.9393768310547
2023-12-26,1091.630615234375,1307.76611328125,805.5018920898438,970.8671264648438,1422.816650390625,375.873779296875,3468.57421875,217.38441467285156
2023-12-27,1103.70166015625,1320.232666015625,815.4841918945312,977.8430786132812,1444.150146484375,378.96148681640625,3482.8759765625,217.77748107910156
2023-12-28,1105.197998046875,1320.591064453125,816.417724609375,981.4041748046875,1440.049560546875,382.7464294433594,3472.5498046875,217.08384704589844
2023-12-29,1099.661376953125,1314.8961181640625,818.3328247070312,972.33056640625,1421.8489990234375,380.1069641113281,3466.609619140625,217.9393310546875
2024-01-01,1095.072265625,1330.7257080078125,812.9945678710938,975.0625,1429.635986328125,380.3161315917969,3482.784912109375,220.6444854736328
2024-01-02,1090.6329345703125,1317.9903564453125,813.4733276367188,958.3301391601562,1414.015869140625,371.5311279296875,3457.288330078125,216.96826171875
2024-01-03,1095.97021484375,1289.469970703125,800.9296264648438,960.0862426757812,1373.099365234375,371.700439453125,3373.716552734375,210.81802368164062
2024-01-04,1120.7109375,1273.5057373046875,809.5235595703125,963.1107788085938,1394.018310546875,371.24224853515625,3350.916015625,209.19955444335938
2024-01-05,1134.228271484375,1285.0306396484375,805.3822021484375,969.501220703125,1412.31103515625,368.054931640625,3415.890380859375,211.1417236328125
2024-01-08,1119.314208984375,1298.5731201171875,796.4052734375,958.086181640625,1403.3260498046875,363.7720031738281,3361.42529296875,208.25160217285156
2024-01-09,1113.8773193359375,1309.783935546875,790.2052001953125,955.8909912109375,1409.3160400390625,363.88153076171875,3372.02587890625,208.43655395507812
2024-01-10,1104.35009765625,1338.2147216796875,792.814453125,968.8671264648438,1400.653564453125,362.7161865234375,3393.181884765625,209.7544708251953
2024-01-11,1123.05517578125,1331.6676025390625,789.4871215820312,967.0133666992188,1376.9698486328125,363.1245422363281,3413.743408203125,207.2574005126953
2024-01-12,1117.6680908203125,1381.8919677734375,785.752685546875,979.0625610351562,1486.21875,365.1963195800781,3548.30810546875,215.23414611816406
2024-01-15,1116.8201904296875,1424.403564453125,800.8817138671875,985.2579345703125,1522.4815673828125,368.8318176269531,3567.49853515625,228.7137451171875
2024-01-16,1116.421142578125,1395.0311279296875,803.9219360351562,984.4774780273438,1503.5438232421875,368.1346435546875,3528.659912109375,224.27450561523438
2024-01-17,1079.709228515625,1413.371826171875,736.1045532226562,957.84228515625,1511.5150146484375,354.5188293457031,3549.953369140625,223.07220458984375
2024-01-18,1094.872802734375,1405.88330078125,711.5198974609375,962.3302001953125,1513.726806640625,354.0407409667969,3566.40234375,223.18780517578125
2024-01-19,1113.8773193359375,1417.0902099609375,704.0989990234375,974.8673095703125,1529.0245361328125,351.4609680175781,3628.471435546875,224.29762268066406
2024-01-23,1086.642578125,1377.0526123046875,683.3682861328125,1003.990478515625,1513.3121337890625,355.4849548339844,3550.436767578125,217.2919158935547
2024-01-24,1056.61474609375,1424.72705078125,697.037109375,974.8673095703125,1543.9534912109375,356.3017272949219,3535.29931640625,221.53213500976562
2024-01-25,1039.755126953125,1401.0931396484375,686.9830932617188,985.3555908203125,1538.147705078125,352.2777099609375,3506.31201171875,217.8016815185547
2024-01-29,1058.7095947265625,1423.0552978515625,696.438720703125,991.6484375,1526.6285400390625,363.134521484375,3497.753662109375,219.19190979003906
2024-01-30,1051.57666015625,1409.2724609375,691.4834594726562,992.1362915039062,1521.882568359375,363.27398681640625,3497.340087890625,218.960205078125
2024-01-31,1065.1939697265625,1424.3656005859375,700.2210083007812,1003.1123046875,1530.5911865234375,363.6026306152344,3511.511474609375,221.57847595214844
2024-02-01,1081.654541015625,1425.6309814453125,702.040283203125,1000.1854248046875,1527.0433349609375,363.1046142578125,3546.663818359375,218.42727661132812
2024-02-02,1064.4957275390625,1431.369873046875,692.369140625,999.0633544921875,1560.4951171875,363.14447021484375,3649.86669921875,223.8955078125
2024-02-05,1058.958984375,1405.70263671875,691.7467651367188,998.5755615234375,1554.82763671875,360.236083984375,3656.30810546875,223.5247802734375
2024-02-06,1047.5364990234375,1467.5213623046875,691.3876342773438,1001.4049682617188,1593.762939453125,355.98297119140625,3806.027587890625,231.54173278808594
2024-02-07,1066.540771484375,1459.9298095703125,684.6130981445312,997.2584228515625,1560.8638916015625,357.0985412597656,3757.623779296875,229.4795684814453
2024-02-08,1033.4202880859375,1476.6046142578125,671.734375,965.2083740234375,1559.3431396484375,344.56842041015625,3804.279541015625,226.5369415283203
2024-02-09,1048.88330078125,1473.7125244140625,671.9976806640625,986.0873413085938,1538.378173828125,347.1082763671875,3803.9111328125,227.2783966064453
2024-02-12,1044.1943359375,1506.56494140625,665.4864501953125,971.8427734375,1548.28466796875,340.5544128417969,3791.948486328125,232.37586975097656
2024-02-13,1068.1868896484375,1505.3448486328125,667.6168823242188,994.9656372070312,1552.3856201171875,346.052490234375,3818.451171875,237.0794677734375
2024-02-14,1094.224365234375,1510.6771240234375,662.6377563476562,997.7950439453125,1535.4752197265625,348.4031677246094,3772.991943359375,238.42333984375
2024-02-15,1069.63330078125,1502.5885009765625,677.0007934570312,991.8923950195312,1544.8291015625,346.4708251953125,3775.844482421875,240.27696228027344
2024-02-16,1066.191650390625,1507.0169677734375,679.8015747070312,998.3316650390625,1568.14404296875,345.67401123046875,3798.942138671875,251.63046264648438
2024-02-19,1060.405517578125,1514.06640625,678.4609985351562,1018.33251953125,1566.39306640625,344.9071044921875,3776.396484375,248.36343383789062
2024-02-20,1085.994140625,1503.0401611328125,696.2711791992188,1023.210693359375,1553.03076171875,351.1024169921875,3709.082275390625,246.5098114013672
2024-02-21,1081.6046142578125,1478.864013671875,689.0177612304688,1026.3326416015625,1525.6607666015625,347.8354187011719,3673.05615234375,241.62086486816406
2024-02-22,1098.2647705078125,1524.1435546875,679.634033203125,1036.8209228515625,1549.4365234375,343.5823669433594,3761.029296875,246.09274291992188
2024-02-23,1094.174560546875,1505.4803466796875,680.13671875,1035.455078125,1545.2896728515625,343.4329528808594,3728.8212890625,248.4561309814453
2024-02-26,1082.602294921875,1491.065185546875,680.9506225585938,1028.5279541015625,1529.89990234375,339.906982421875,3681.844482421875,246.95004272460938
2024-02-27,1076.467041015625,1499.1990966796875,679.9212646484375,1034.3818359375,1533.0791015625,339.99664306640625,3776.94873046875,246.27809143066406
2024-02-28,1071.6285400390625,1492.9627685546875,674.7744750976562,1020.72265625,1540.1290283203125,335.3849792480469,3790.337890625,239.90625
2024-02-29,1072.5263671875,1503.7633056640625,671.9019165039062,1026.5765380859375,1542.5712890625,336.55035400390625,3768.391357421875,240.3232879638672
2024-03-01,1096.6185302734375,1485.913330078125,684.9961547851562,1060.431640625,1524.8775634765625,344.1700439453125,3767.70068359375,240.5550079345703
2024-03-04,1104.1007080078125,1480.3551025390625,685.9297485351562,1065.7489013671875,1508.75048828125,344.0704040527344,3755.1396484375,241.2037811279297
2024-03-05,1098.1650390625,1463.5447998046875,689.8316650390625,1061.5537109375,1480.459228515625,341.779541015625,3692.012451171875,237.8672332763672
2024-03-06,1122.3070068359375,1486.003662109375,690.6695556640625,1070.3831787109375,1490.642333984375,350.5545959472656,3740.0478515625,237.79774475097656
2024-03-07,1108.789306640625,1480.0841064453125,692.3452758789062,1061.4560546875,1489.6285400390625,348.2238464355469,3780.813720703125,238.88674926757812
2024-03-11,1102.4547119140625,1480.9879150390625,683.5838012695312,1052.4312744140625,1475.0220947265625,344.5584716796875,3793.466552734375,238.44650268554688
2024-03-12,1094.3740234375,1478.2313232421875,698.78466796875,1050.626220703125,1486.4031982421875,342.7058410644531,3857.79052734375,236.73190307617188
2024-03-13,1077.813720703125,1474.5260009765625,699.191650390625,1057.553466796875,1484.974853515625,344.53857421875,3817.990478515625,233.742919921875
2024-03-14,1055.716796875,1517.6815185546875,696.8216552734375,1057.2120361328125,1523.5872802734375,347.098388671875,3871.91552734375,240.0220947265625
2024-03-15,1043.895263671875,1488.8056640625,695.481201171875,1054.0411376953125,1505.801513671875,346.2816162109375,3882.63623046875,239.5818634033203
2024-03-18,1058.809326171875,1485.28076171875,692.3212890625,1054.8704833984375,1476.9112548828125,346.2019348144531,3821.21142578125,236.43067932128906
2024-03-19,1048.28466796875,1445.2882080078125,693.9012451171875,1057.553466796875,1438.9437255859375,348.5426025390625,3659.989013671875,229.31739807128906
2024-03-20,1032.2730712890625,1434.3975830078125,685.1398315429688,1058.090087890625,1432.95361328125,351.68011474609375,3654.099609375,228.69178771972656
2024-03-21,1033.1209716796875,1442.2607421875,692.1776123046875,1055.4559326171875,1432.72314453125,353.0247497558594,3655.98583984375,231.9124755859375
2024-03-22,1030.8265380859375,1407.9619140625,690.7891845703125,1063.7489013671875,1390.470458984375,353.87139892578125,3598.88623046875,225.72596740722656
2024-03-26,1038.0592041015625,1411.938720703125,682.4347534179688,1057.3095703125,1375.5416259765625,349.3493957519531,3568.151123046875,222.3662567138672
2024-03-27,1050.3297119140625,1397.4327392578125,689.7598266601562,1057.3583984375,1367.431884765625,353.7120361328125,3534.47119140625,218.8675079345703
2024-03-28,1044.6932373046875,1395.0379638671875,693.20703125,1066.67578125,1380.51806640625,355.6841735839844,3567.046630859375,222.4821319580078
2024-04-01,1050.5791015625,1406.9224853515625,704.0271606445312,1072.8712158203125,1378.121826171875,356.7200927734375,3604.26953125,224.72962951660156
2024-04-02,1044.6932373046875,1381.255126953125,708.6472778320312,1054.8704833984375,1366.51025390625,350.0864562988281,3573.9482421875,222.9918670654297
2024-04-03,1060.704833984375,1388.0784912109375,709.6766357421875,1050.9676513671875,1364.4830322265625,344.8572998046875,3632.382568359375,223.9186553955078
2024-04-04,1060.405517578125,1391.5130615234375,731.36474609375,1052.57763671875,1370.0582275390625,348.4429931640625,3683.91455078125,225.864990234375
2024-04-05,1056.564697265625,1396.57421875,741.8737182617188,1057.0169677734375,1363.0545654296875,355.61444091796875,3661.783447265625,224.77597045898438
2024-04-08,1073.4742431640625,1391.8746337890625,740.4613647460938,1060.675537109375,1360.8428955078125,356.2618713378906,3655.6181640625,222.38941955566406
2024-04-09,1077.4146728515625,1392.2813720703125,741.3949584960938,1080.0909423828125,1377.5687255859375,354.7080383300781,3631.692138671875,220.48944091796875
2024-04-10,1085.196044921875,1391.0611572265625,735.5540161132812,1082.3837890625,1388.5814208984375,363.7420959472656,3666.7529296875,221.1845703125
2024-04-12,1070.88037109375,1375.109375,727.223388671875,1077.5054931640625,1368.2613525390625,361.17230224609375,3682.166015625,218.1492462158203
2024-04-15,1055.41748046875,1360.2421875,715.61328125,1052.0897216796875,1352.9637451171875,358.20416259765625,3626.76904296875,212.8664093017578
2024-04-16,1049.3819580078125,1335.162109375,722.5794067382812,1041.0650634765625,1303.4766845703125,357.0985412597656,3563.825927734375,207.7689208984375
2024-04-18,1021.5487670898438,1325.717529296875,715.61328125,1029.74755859375,1307.9002685546875,355.9331970214844,3553.8876953125,205.915283203125
2024-04-19,1026.636474609375,1308.229248046875,733.13623046875,1041.26025390625,1300.5279541015625,357.1085205078125,3520.94384765625,209.8079071044922
2024-04-22,1051.427001953125,1324.8590087890625,723.99169921875,1060.187744140625,1320.3409423828125,360.5548095703125,3556.2802734375,214.0944366455078
2024-04-23,1053.2227783203125,1343.6124267578125,721.7894287109375,1063.7000732421875,1329.2340087890625,361.17230224609375,3565.574462890625,214.14077758789062
2024-04-24,1060.704833984375,1336.9244384765625,723.7523193359375,1070.041748046875,1318.497802734375,367.0987243652344,3525.406494140625,213.1212615966797
2024-04-25,1124.30224609375,1359.4288330078125,723.2975463867188,1086.627685546875,1325.59375,327.1875915527344,3544.869384765625,213.63101196289062
2024-04-26,1127.5943603515625,1332.0439453125,722.8427124023438,1080.9202880859375,1318.0372314453125,320.4245300292969,3516.480712890625,215.29930114746094
2024-04-29,1156.4749755859375,1253.911865234375,732.2744750976562,1131.8978271484375,1322.1842041015625,326.7792053222656,3561.43359375,214.53465270996094
2024-04-30,1163.109130859375,1235.113037109375,727.7739868164062,1122.3853759765625,1309.0982666015625,323.5023193359375,3515.8369140625,214.27978515625
2024-05-02,1147.0975341796875,1229.7806396484375,733.591064453125,1111.701904296875,1303.4766845703125,313.8805847167969,3555.083740234375,211.96275329589844
2024-05-03,1138.7674560546875,1218.3480224609375,727.5346069335938,1114.2386474609375,1305.1817626953125,308.113525390625,3536.771484375,211.93955993652344
2024-05-06,1140.912353515625,1228.0634765625,728.994873046875,1118.3851318359375,1314.028564453125,323.5719909667969,3608.22705078125,212.54200744628906
2024-05-07,1125.00048828125,1219.041748046875,721.09521484375,1104.3358154296875,1327.8975830078125,327.4764709472656,3661.507080078125,214.9748992919922
2024-05-08,1125.9482421875,1203.1961669921875,709.8441772460938,1095.652587890625,1315.318603515625,328.3629455566406,3659.666748046875,214.6505126953125
2024-05-09,1112.9793701171875,1209.0582275390625,693.0155029296875,1088.5302734375,1326.6075439453125,327.31707763671875,3644.252685546875,211.2676239013672
2024-05-10,1117.418701171875,1205.531982421875,697.820068359375,1089.847412109375,1313.10693359375,324.2991027832031,3583.24267578125,209.39083862304688
2024-05-13,1129.290283203125,1202.5093994140625,706.2400512695312,1100.53076171875,1311.7706298828125,326.9385681152344,3632.842529296875,209.4371795654297
2024-05-14,1120.162109375,1209.97412109375,709.0062866210938,1093.26220703125,1312.922607421875,327.9545593261719,3589.960205078125,211.47616577148438
2024-05-15,1125.3497314453125,1220.82763671875,698.1111450195312,1096.9696044921875,1308.545166015625,328.8509826660156,3570.8193359375,212.37982177734375
2024-05-16,1136.5728759765625,1234.7955322265625,708.6665649414062,1103.506591796875,1339.324951171875,333.08416748046875,3615.82080078125,215.2297821044922
2024-05-17,1138.6177978515625,1221.1025390625,710.5350341796875,1102.9698486328125,1330.98486328125,337.9647216796875,3553.85693359375,213.63101196289062
2024-05-21,1134.9267578125,1229.071044921875,707.9629516601562,1093.65234375,1321.6312255859375,338.3033447265625,3540.972900390625,213.5846710205078
2024-05-22,1123.3046875,1230.124267578125,708.1570434570312,1084.0423583984375,1340.6611328125,338.5623474121094,3551.91064453125,213.77001953125
2024-05-23,1162.460693359375,1239.741455078125,724.3662109375,1106.8724365234375,1356.8802490234375,340.4548034667969,3608.869140625,215.85536193847656
2024-05-24,1171.189697265625,1232.0933837890625,736.3046875,1104.384521484375,1350.1529541015625,339.3392639160156,3568.13134765625,214.85903930664062
2024-05-27,1184.1585693359375,1239.512451171875,741.4004516601562,1102.2869873046875,1355.91259765625,340.8432922363281,3565.86083984375,209.6688995361328
2024-05-28,1180.5672607421875,1244.1837158203125,742.75927734375,1099.5062255859375,1351.9500732421875,339.37908935546875,3559.232666015625,211.33714294433594
2024-05-29,1156.973876953125,1239.329345703125,731.9855346679688,1075.1639404296875,1337.113037109375,336.23162841796875,3525.6328125,208.9042510986328
2024-05-30,1165.1541748046875,1219.865966796875,735.1642456054688,1086.5789794921875,1315.4569091796875,336.6797790527344,3463.020263671875,202.48606872558594
2024-05-31,1159.3680419921875,1212.7677001953125,743.268798828125,1093.75,1322.4598388671875,334.7475280761719,3402.632080078125,203.06532287597656
2024-06-03,1220.9703369140625,1203.92919921875,762.9965209960938,1131.75146484375,1321.5198974609375,342.24761962890625,3432.20068359375,205.7994384765625
2024-06-04,1128.5419921875,1193.9454345703125,719.780029296875,1045.3577880859375,1310.005126953125,326.2911682128906,3443.46240234375,203.04214477539062
2024-06-05,1181.66455078125,1230.7197265625,753.0962524414062,1081.6519775390625,1344.267333984375,342.25762939453125,3472.61328125,209.2286376953125
2024-06-06,1168.14697265625,1279.99609375,756.9301147460938,1083.359375,1383.887451171875,345.5644836425781,3550.42724609375,213.63101196289062
2024-06-07,1183.9591064453125,1311.13720703125,763.5545654296875,1094.384033203125,1441.555419921875,349.3493957519531,3609.332275390625,224.54425048828125
2024-06-10,1197.12744140625,1299.45947265625,757.7066650390625,1096.4329833984375,1409.7369384765625,347.7457580566406,3576.658935546875,220.23458862304688
2024-06-11,1191.740478515625,1308.6644287109375,759.4052734375,1090.9693603515625,1405.9771728515625,342.6361083984375,3570.541748046875,220.6053009033203
2024-06-12,1185.056396484375,1317.7774658203125,763.9428100585938,1092.2864990234375,1396.0601806640625,341.78948974609375,3551.586181640625,220.99920654296875
2024-06-13,1171.838134765625,1322.7235107421875,767.1458740234375,1080.383544921875,1404.2850341796875,343.9010925292969,3594.687255859375,223.64064025878906
2024-06-14,1178.222900390625,1310.7252197265625,774.9834594726562,1078.72509765625,1399.5382080078125,342.0783386230469,3551.95703125,221.2772216796875
2024-06-18,1189.046875,1316.35791015625,780.2733764648438,1095.506103515625,1408.2799072265625,342.5166015625,3536.246337890625,227.92715454101562
2024-06-19,1223.7137451171875,1324.28076171875,804.5628662109375,1116.580078125,1420.640869140625,347.9549255371094,3523.8251953125,229.73443603515625
2024-06-20,1236.532958984375,1322.08251953125,810.143798828125,1128.62939453125,1424.44775390625,351.8494567871094,3510.431396484375,227.2552032470703
2024-06-21,1234.48779296875,1326.112548828125,808.396728515625,1130.434326171875,1440.709228515625,353.72198486328125,3532.21435546875,227.32472229003906
2024-06-24,1225.1602783203125,1319.7010498046875,811.6240234375,1141.60546875,1435.492431640625,353.1044616699219,3537.821533203125,227.32472229003906
2024-06-25,1268.4063720703125,1326.2041015625,830.5266723632812,1168.7772216796875,1449.404052734375,354.9670715332031,3557.88916015625,230.2441864013672
2024-06-26,1282.322998046875,1322.3114013671875,825.7463989257812,1188.339111328125,1448.229248046875,358.20416259765625,3574.017333984375,229.4795684814453
2024-06-27,1285.864501953125,1332.5697021484375,823.1500244140625,1190.1927490234375,1478.919677734375,364.658447265625,3646.59423828125,236.70872497558594
2024-06-28,1262.22119140625,1336.874755859375,817.156494140625,1170.3870849609375,1472.7156982421875,359.0707092285156,3618.786865234375,238.5855255126953
2024-07-01,1258.8792724609375,1345.3466796875,827.5420532226562,1182.3388671875,1495.3223876953125,360.186279296875,3687.42431640625,244.37811279296875
2024-07-02,1250.399658203125,1356.2921142578125,839.8687744140625,1161.6063232421875,1523.7568359375,352.51678466796875,3723.759033203125,249.40611267089844
2024-07-03,1276.9359130859375,1356.4752197265625,858.334716796875,1172.33837890625,1529.7255859375,360.7041931152344,3675.42138671875,249.7768096923828
2024-07-04,1277.8338623046875,1394.348388671875,838.1945190429688,1202.9737548828125,1551.5802001953125,365.3157958984375,3727.0498046875,245.9305419921875
2024-07-05,1283.9691162109375,1391.6466064453125,799.8311157226562,1203.3641357421875,1548.5721435546875,369.0708923339844,3718.568359375,247.9695281982422
2024-07-08,1284.76708984375,1404.4693603515625,793.6434936523438,1204.973876953125,1561.9200439453125,369.1705017089844,3701.327880859375,250.7963409423828
2024-07-09,1286.3134765625,1402.3629150390625,794.2015380859375,1217.8524169921875,1557.6900634765625,368.1047668457031,3694.19091796875,250.7036590576172
2024-07-10,1288.55810546875,1382.990966796875,789.1544189453125,1212.92529296875,1549.32421875,364.5190124511719,3623.421630859375,248.1781005859375
2024-07-11,1293.6458740234375,1384.7772216796875,787.1161499023438,1208.291015625,1553.5072021484375,367.4373779296875,3636.907958984375,247.50613403320312
2024-07-12,1315.160888671875,1429.015869140625,787.5043334960938,1202.876220703125,1609.012939453125,365.11663818359375,3878.1357421875,259.5779113769531
2024-07-15,1305.3267822265625,1437.6256103515625,787.2131958007812,1199.9979248046875,1604.59521484375,367.2481384277344,3864.464111328125,259.369384765625
2024-07-16,1301.8824462890625,1437.5799560546875,786.07275390625,1209.705810546875,1622.454833984375,359.62847900390625,3873.0380859375,259.369384765625
2024-07-18,1307.2738037109375,1460.477783203125,783.6704711914062,1219.8525390625,1652.5343017578125,363.9014587402344,4000.1162109375,265.6253967285156
2024-07-19,1290.2513427734375,1460.477783203125,780.03076171875,1218.24267578125,1685.3394775390625,363.2732849121094,3997.1904296875,258.2108459472656
2024-07-22,1280.41748046875,1444.4949951171875,797.1376953125,1210.9254150390625,1702.1650390625,350.50006103515625,3983.208251953125,234.39169311523438
2024-07-23,1261.1986083984375,1475.1827392578125,785.4176025390625,1196.8759765625,1726.6517333984375,352.7635498046875,3997.144287109375,231.95880126953125
2024-07-24,1237.2376708984375,1461.66162109375,778.4534912109375,1193.21728515625,1723.878662109375,348.2366027832031,4000.767333984375,231.75027465820312
2024-07-25,1173.9906005859375,1465.2611083984375,784.5440673828125,1168.728515625,1715.3250732421875,354.00994873046875,4015.864501953125,234.8782501220703
2024-07-26,1175.4381103515625,1509.33154296875,785.2962646484375,1177.802001953125,1766.1309814453125,361.7276916503906,4076.578857421875,243.19642639160156
2024-07-29,1168.1500244140625,1506.562744140625,778.9387817382812,1183.1680908203125,1758.799072265625,357.7491760253906,4070.30810546875,243.0110626220703
2024-07-30,1168.10009765625,1504.62451171875,784.0344848632812,1179.997314453125,1764.4859619140625,356.19366455078125,4055.675537109375,241.6671905517578
2024-07-31,1164.206298828125,1516.0230712890625,784.1314697265625,1185.3145751953125,1756.1199951171875,360.5411071777344,4074.25634765625,241.89889526367188
2024-08-01,1170.3963623046875,1514.1309814453125,795.3178100585938,1180.63134765625,1741.409423828125,357.4998779296875,4085.172607421875,241.6903533935547
2024-08-02,1158.9649658203125,1485.2890625,805.1937255859375,1167.411376953125,1711.8939208984375,359.6537170410156,3979.212646484375,232.70025634765625
2024-08-05,1131.6593017578125,1442.0030517578125,784.1314697265625,1144.0445556640625,1646.7532958984375,353.7108459472656,3860.29296875,224.7528076171875
2024-08-06,1124.2713623046875,1460.784912109375,777.0703125,1138.4346923828125,1646.0013427734375,353.09259033203125,3875.297607421875,226.838134765625
2024-08-07,1134.9539794921875,1471.7218017578125,787.892578125,1143.898193359375,1684.11767578125,354.2891540527344,3902.47265625,230.49905395507812
2024-08-08,1136.3018798828125,1437.8037109375,797.21044921875,1136.239501953125,1638.5284423828125,353.5313415527344,3876.5517578125,225.81863403320312
2024-08-09,1140.894287109375,1467.4300537109375,800.8502197265625,1143.0689697265625,1664.471923828125,352.9131164550781,3928.7646484375,227.67225646972656
2024-08-12,1162.409423828125,1463.09228515625,805.65478515625,1154.09033203125,1689.5224609375,353.491455078125,3898.012939453125,226.62960815429688
2024-08-13,1157.7169189453125,1469.9219970703125,778.0408935546875,1149.7113037109375,1689.5693359375,349.40325927734375,3899.22119140625,227.30154418945312
2024-08-14,1151.2274169921875,1500.840576171875,780.2733764648438,1143.1181640625,1713.821044921875,348.5755920410156,3990.54833984375,229.45639038085938
2024-08-16,1164.9552001953125,1539.6962890625,792.0662841796875,1168.3096923828125,1747.3782958984375,354.438720703125,4102.77783203125,239.23431396484375
2024-08-19,1151.3773193359375,1549.15625,791.79931640625,1157.140869140625,1752.877197265625,355.24639892578125,4171.48193359375,240.85621643066406
2024-08-20,1166.103271484375,1556.770751953125,794.7839965820312,1160.6341552734375,1759.8331298828125,360.0924377441406,4202.41943359375,243.12693786621094
2024-08-21,1172.492919921875,1548.0028076171875,789.0089111328125,1156.1075439453125,1760.3028564453125,361.5482177734375,4228.61962890625,243.91470336914062
2024-08-22,1168.050048828125,1546.9876708984375,791.6780395507812,1172.098388671875,1767.39990234375,363.2533264160156,4182.630859375,240.5086669921875
2024-08-23,1164.0565185546875,1533.42041015625,788.6448364257812,1184.300537109375,1750.3392333984375,362.5553283691406,4147.2333984375,237.4501953125
2024-08-26,1168.399658203125,1586.950927734375,795.8759155273438,1193.9442138671875,1763.5460205078125,361.4585266113281,4183.048828125,240.97207641601562
2024-08-27,1179.331787109375,1579.705810546875,794.8082275390625,1206.7860107421875,1786.05859375,359.6337890625,4178.12548828125,239.65138244628906
2024-08-28,1169.0484619140625,1586.950927734375,794.4927978515625,1204.325927734375,1822.7177734375,357.230712890625,4186.3935546875,247.73782348632812
2024-08-29,1173.4913330078125,1616.854248046875,795.1964721679688,1202.4071044921875,1817.31298828125,354.42877197265625,4191.7353515625,249.6378173828125
2024-08-30,1173.341552734375,1618.1463623046875,794.395751953125,1209.5904541015625,1827.041748046875,355.13671875,4230.70947265625,249.49879455566406
2024-09-02,1186.86962890625,1667.4312744140625,789.5668334960938,1210.3284912109375,1846.59326171875,355.0270080566406,4200.32958984375,246.7415008544922
2024-09-03,1189.6649169921875,1652.479736328125,794.6141357421875,1227.79541015625,1824.7386474609375,355.7349853515625,4192.24609375,248.40975952148438
2024-09-04,1175.7874755859375,1647.6805419921875,796.773681640625,1216.62646484375,1807.0670166015625,355.7349853515625,4161.49462890625,240.57818603515625
2024-09-05,1178.6329345703125,1652.5721435546875,798.5450439453125,1216.23291015625,1817.125,354.5683288574219,4158.4287109375,243.21958923339844
2024-09-06,1156.868408203125,1620.7767333984375,794.419921875,1188.8763427734375,1787.703369140625,351.8162536621094,4140.59033203125,241.2501220703125
2024-09-09,1168.9486083984375,1612.1470947265625,799.0546264648438,1215.2979736328125,1780.935791015625,357.0013427734375,4133.90185546875,238.5855255126953
2024-09-10,1185.2720947265625,1642.0042724609375,800.9230346679688,1217.5614013671875,1797.5263671875,357.2904968261719,4188.06640625,243.6366729736328
2024-09-11,1184.173828125,1641.681396484375,797.7928466796875,1216.62646484375,1795.50537109375,356.8218688964844,4161.587890625,238.35382080078125
2024-09-12,1201.3958740234375,1668.3082275390625,808.8092651367188,1232.174560546875,1833.386474609375,364.4399108886719,4197.2177734375,245.6293487548828
2024-09-13,1215.472900390625,1673.1075439453125,808.4938354492188,1230.403076171875,1827.417724609375,363.02398681640625,4201.76953125,255.15234375
2024-09-16,1229.0509033203125,1672.230712890625,810.9202880859375,1242.7037353515625,1833.198486328125,365.20770263671875,4193.0830078125,255.7548065185547
2024-09-17,1230.0992431640625,1673.984375,809.876953125,1247.8699951171875,1835.360595703125,368.26885986328125,4186.02197265625,255.7548065185547
2024-09-18,1238.4356689453125,1621.145751953125,822.494873046875,1267.796875,1778.585693359375,366.88287353515625,4037.836669921875,249.38294982910156
2024-09-19,1240.6820068359375,1602.6871337890625,829.1435546875,1271.388671875,1780.5126953125,373.3143615722656,3991.383056640625,247.1585693359375
2024-09-20,1242.978271484375,1624.4224853515625,845.0130004882812,1317.09765625,1791.36962890625,379.8056335449219,3980.931640625,249.82318115234375
2024-09-23,1244.775390625,1617.731201171875,854.0397338867188,1300.8116455078125,1782.6275634765625,385.8282775878906,3965.695068359375,247.87686157226562
2024-09-24,1237.5372314453125,1638.77392578125,858.04345703125,1297.5643310546875,1784.6484375,381.83978271484375,3968.29638671875,250.0316925048828
2024-09-25,1266.0406494140625,1645.050048828125,863.406005859375,1302.7305908203125,1781.5467529296875,378.4993896484375,3971.501953125,248.4792938232422
2024-09-26,1275.026123046875,1646.3883056640625,865.5171508789062,1307.84765625,1786.199462890625,379.36688232421875,3987.9921875,251.12074279785156
2024-09-27,1271.0826416015625,1669.0465087890625,850.5697631835938,1285.7557373046875,1792.3094482421875,373.4140319824219,4003.0439453125,251.07435607910156
2024-09-30,1230.198974609375,1657.6942138671875,840.572509765625,1252.69189453125,1763.0289306640625,369.7247009277344,3965.695068359375,250.9121856689453
2024-10-01,1224.6580810546875,1676.522216796875,837.7333984375,1254.069580078125,1790.0533447265625,374.8000793457031,3983.719482421875,253.3682403564453
2024-10-03,1173.790771484375,1641.496826171875,816.282958984375,1236.307373046875,1779.7607421875,363.5125732421875,3932.481689453125,245.67568969726562
2024-10-04,1176.4864501953125,1639.697021484375,804.4658203125,1219.97216796875,1803.025146484375,360.760498046875,3950.59765625,247.2512664794922
2024-10-07,1143.8394775390625,1640.02001953125,785.1264038085938,1214.215576171875,1818.2059326171875,357.02130126953125,3969.736328125,246.27809143066406
2024-10-08,1151.42724609375,1651.556640625,801.2628173828125,1216.8724365234375,1831.6005859375,359.6437072753906,3951.52734375,244.1927947998047
2024-10-09,1168.2498779296875,1670.246337890625,792.5758056640625,1224.302001953125,1835.5484619140625,359.125244140625,3951.248779296875,246.1390838623047
2024-10-10,1182.326904296875,1669.27734375,806.7709350585938,1223.6624755859375,1803.82421875,374.1419677734375,3927.510498046875,243.28912353515625
2024-10-11,1170.5460205078125,1697.8885498046875,801.238525390625,1203.489501953125,1818.9578857421875,375.3983459472656,3854.858154296875,244.81837463378906
2024-10-14,1162.459228515625,1712.8863525390625,819.2433471679688,1212.099853515625,1841.3294677734375,381.0620422363281,3843.198486328125,254.665771484375
2024-10-15,1151.976318359375,1725.9918212890625,817.3021240234375,1235.470947265625,1841.70556640625,377.95098876953125,3824.75634765625,246.9732208251953
2024-10-16,1151.3272705078125,1721.515625,824.9214477539062,1223.3179931640625,1804.8582763671875,374.1918029785156,3804.456787109375,246.6024932861328
2024-10-17,1130.0120849609375,1723.8692626953125,811.988037109375,1211.60791015625,1849.9771728515625,371.7388916015625,3817.509765625,245.0269012451172
2024-10-18,1194.9063720703125,1714.54736328125,816.210205078125,1244.327392578125,1766.7889404296875,373.1348571777344,3839.908203125,254.24871826171875
2024-10-21,1188.3671875,1701.5340576171875,838.9466552734375,1238.9644775390625,1741.5504150390625,356.8118591308594,3799.675048828125,253.9938201904297
2024-10-22,1173.8408203125,1693.3126220703125,832.0796508789062,1247.279541015625,1740.46923828125,351.6168518066406,3739.744140625,252.7658233642578
2024-10-23,1158.515625,1714.67919921875,842.3924560546875,1231.6331787109375,1760.961181640625,352.544189453125,3787.009033203125,253.57676696777344
2024-10-24,1165.4544677734375,1713.8895263671875,849.1138305664062,1232.764892578125,1751.5142822265625,351.4273986816406,3769.9189453125,253.43775939941406
2024-10-25,1187.418701171875,1720.810546875,846.0806884765625,1235.4217529296875,1750.292236328125,352.7535705566406,3778.906494140625,251.83901977539062
2024-10-28,1169.697509765625,1738.8328857421875,841.6158447265625,1272.2252197265625,1753.394287109375,348.9644775390625,3809.91943359375,258.859619140625
2024-10-29,1184.922607421875,1738.8328857421875,850.1815185546875,1310.6029052734375,1748.5933837890625,351.028564453125,3795.39111328125,260.52789306640625
2024-10-30,1168.4993896484375,1708.222900390625,841.8099365234375,1291.21728515625,1713.2276611328125,345.92327880859375,3804.145263671875,261.9412841796875
2024-10-31,1157.6671142578125,1640.638671875,842.3438720703125,1271.6346435546875,1670.5897216796875,345.22528076171875,3695.925048828125,255.70846557617188
2024-11-01,1167.65087890625,1632.6031494140625,843.1203002929688,1271.19189453125,1674.011962890625,347.8776550292969,3710.59375,255.49990844726562
2024-11-04,1137.4000244140625,1637.7589111328125,831.8612060546875,1256.82470703125,1676.674072265625,344.87628173828125,3691.92041015625,250.6109619140625
2024-11-05,1169.7972412109375,1647.6063232421875,853.0933227539062,1276.013671875,1667.68994140625,350.4202880859375,3698.626220703125,251.95486450195312
2024-11-06,1164.605712890625,1707.8511962890625,851.83154296875,1281.5736083984375,1733.762451171875,351.50714111328125,3855.3681640625,261.3157043457031
2024-11-07,1158.0166015625,1701.8590087890625,847.6094360351562,1258.30078125,1714.1309814453125,348.376220703125,3865.845703125,261.083984375
2024-11-08,1159.064697265625,1707.0150146484375,851.4432373046875,1238.7674560546875,1739.704345703125,348.1568298339844,3862.213623046875,263.6790771484375
2024-11-11,1169.098388671875,1734.698974609375,857.1942138671875,1249.0509033203125,1768.367431640625,347.7978515625,3910.36328125,265.764404296875
2024-11-12,1156.2694091796875,1739.8548583984375,833.8510131835938,1250.330078125,1776.638427734375,343.29083251953125,3909.152099609375,264.4436950683594
2024-11-13,1137.30029296875,1732.330078125,815.9674682617188,1233.6995849609375,1776.258056640625,336.6001281738281,3865.333740234375,263.6790771484375
2024-11-14,1138.84765625,1726.9420166015625,821.5,1236.897705078125,1772.5980224609375,340.5986022949219,3861.189208984375,262.6132507324219
2024-11-18,1124.37109375,1704.6925048828125,827.4934692382812,1233.45361328125,1722.11669921875,343.56005859375,3743.469482421875,256.1950378417969
2024-11-19,1132.1085205078125,1691.268798828125,845.5225830078125,1229.173095703125,1734.7607421875,344.55718994140625,3762.142578125,260.4352111816406
2024-11-21,1137.30029296875,1705.94677734375,845.0130004882812,1230.5999755859375,1743.6021728515625,346.4218444824219,3793.156005859375,258.1877136230469
2024-11-22,1140.544921875,1763.5904541015625,847.1483154296875,1257.6612548828125,1808.4388427734375,351.27783203125,3953.111328125,264.9071044921875
2024-11-25,1154.0230712890625,1757.3660888671875,866.560546875,1280.1959228515625,1796.507568359375,357.1210021972656,4018.76953125,269.9118957519531
2024-11-26,1142.9410400390625,1764.6588134765625,866.5363159179688,1284.132080078125,1829.2587890625,355.69512939453125,4053.7880859375,272.9472351074219
2024-11-27,1147.7830810546875,1756.7623291015625,879.5181884765625,1279.9498291015625,1829.591552734375,355.6153564453125,4035.021240234375,270.1204528808594
2024-11-28,1130.6610107421875,1710.173583984375,870.224609375,1265.8287353515625,1765.087646484375,350.8291320800781,3953.390625,265.1619873046875
2024-11-29,1134.4549560546875,1716.8157958984375,871.6320190429688,1279.3594970703125,1766.2283935546875,352.03564453125,3977.55859375,267.7802429199219
2024-12-02,1135.2535400390625,1738.6007080078125,875.8298950195312,1283.8369140625,1787.095947265625,349.7821350097656,3982.960205078125,270.8850402832031
2024-12-03,1158.615478515625,1756.483642578125,886.3124389648438,1287.527099609375,1798.789306640625,348.9744873046875,4007.26806640625,270.3057861328125
2024-12-04,1157.567138671875,1762.8936767578125,902.7157592773438,1295.0550537109375,1796.0799560546875,350.4901123046875,4055.37060546875,272.48382568359375
2024-12-05,1164.5059814453125,1787.3724365234375,905.457763671875,1315.1788330078125,1839.4310302734375,354.00994873046875,4157.49072265625,277.3959655761719
2024-12-06,1182.62646484375,1786.1646728515625,900.6531982421875,1307.552490234375,1827.594970703125,354.36895751953125,4140.21435546875,275.5886535644531
2024-12-09,1161.3609619140625,1774.2738037109375,907.5203247070312,1301.205322265625,1828.783447265625,356.2236022949219,4146.408203125,281.520263671875
2024-12-10,1151.776611328125,1798.8455810546875,906.5982055664062,1309.2252197265625,1852.45556640625,357.9087219238281,4128.15380859375,285.5519104003906
2024-12-11,1145.386962890625,1793.782470703125,904.1716918945312,1306.3223876953125,1876.79296875,357.9087219238281,4123.40478515625,286.3860168457031
2024-12-12,1143.7896728515625,1798.7061767578125,902.3032836914062,1308.04443359375,1889.0091552734375,352.7236633300781,4149.01611328125,286.47869873046875
2024-12-13,1146.28564453125,1828.9913330078125,908.3695678710938,1323.44482421875,1901.0830078125,360.0924377441406,4166.6640625,287.2665710449219
2024-12-16,1149.0311279296875,1815.6138916015625,905.1907958984375,1324.6256103515625,1882.4019775390625,359.8531188964844,4111.99609375,286.5714416503906
2024-12-17,1134.4049072265625,1812.08349609375,889.6853637695312,1312.47265625,1879.1221923828125,355.78485107421875,4031.24951171875,286.2470397949219
2024-12-18,1120.4276123046875,1821.141357421875,878.7417602539062,1293.1854248046875,1881.5465087890625,354.9771728515625,4049.2705078125,289.72259521484375
2024-12-19,1107.099365234375,1796.894775390625,870.3944702148438,1266.3701171875,1850.2213134765625,351.407470703125,3978.5361328125,289.8616027832031
2024-12-20,1070.109375,1775.620849609375,859.7177734375,1267.84619140625,1827.3575439453125,347.7080993652344,3883.91357421875,282.8641662597656
2024-12-23,1077.3975830078125,1767.86376953125,874.0342407226562,1276.1121826171875,1829.4014892578125,348.06707763671875,3872.737060546875,285.3665771484375
2024-12-24,1077.1480712890625,1762.243408203125,872.6268920898438,1276.5550537109375,1814.903564453125,348.804931640625,3892.48193359375,282.9568176269531
2024-12-26,1074.9515380859375,1765.7734375,869.0598754882812,1276.6533203125,1813.3348388671875,349.55279541015625,3882.796142578125,282.72509765625
2024-12-27,1075.7003173828125,1757.64501953125,872.69970703125,1286.6907958984375,1822.2237548828125,350.96875,3878.838134765625,286.47869873046875
2024-12-30,1068.21240234375,1791.970947265625,862.82373046875,1273.9964599609375,1812.0037841796875,347.1397705078125,3873.203125,281.4739074707031
2024-12-31,1062.9710693359375,1781.2413330078125,860.3728637695312,1261.203857421875,1787.2861328125,356.1836853027344,3813.59814453125,279.75933837890625
2025-01-01,1070.0595703125,1776.17822265625,865.1774291992188,1263.1719970703125,1789.662841796875,356.6523132324219,3830.03662109375,278.32275390625
2025-01-02,1084.83544921875,1832.1495361328125,870.5158081054688,1270.0111083984375,1861.296875,366.37432861328125,3888.989013671875,281.56658935546875
2025-01-03,1083.1383056640625,1808.4141845703125,848.8953857421875,1244.86865234375,1843.138916015625,366.6734924316406,3818.347900390625,272.90087890625
2025-01-06,1061.6732177734375,1814.3597412109375,830.1141357421875,1243.933837890625,1842.283203125,354.9073791503906,3813.78466796875,272.7618408203125
2025-01-07,1065.7664794921875,1779.8477783203125,831.521484375,1258.8421630859375,1835.6282958984375,353.3917541503906,3751.665283203125,272.5301513671875
2025-01-08,1073.204345703125,1795.0364990234375,822.2522583007812,1243.58935546875,1837.81494140625,352.7137145996094,3826.264404296875,275.7740173339844
2025-01-09,1060.02587890625,1797.4056396484375,809.3916625976562,1242.260986328125,1822.74658203125,357.0113220214844,3761.490478515625,270.9082336425781
2025-01-10,1039.010009765625,1853.4234619140625,804.0289916992188,1229.9111328125,1869.9478759765625,350.2308349609375,3972.7158203125,278.554443359375
2025-01-13,1047.59619140625,1848.1282958984375,791.4596557617188,1210.1318359375,1865.432373046875,346.68109130859375,3996.418212890625,270.4911804199219
2025-01-14,1049.9422607421875,1684.765869140625,799.1031494140625,1220.5135498046875,1844.374755859375,349.11407470703125,3942.354248046875,271.4179992675781
2025-01-15,1025.1326904296875,1696.052978515625,797.38037109375,1218.49609375,1853.501220703125,356.89166259765625,3957.767578125,271.23260498046875
2025-01-16,1036.314453125,1664.9783935546875,801.7481689453125,1229.173095703125,1833.3466796875,360.0724792480469,3917.44140625,266.9692687988281
2025-01-17,989.440673828125,1678.7261962890625,794.3229370117188,1205.9002685546875,1725.9193115234375,350.70947265625,3911.750244140625,261.3157043457031
2025-01-20,986.445556640625,1685.5765380859375,801.35986328125,1213.28076171875,1723.87548828125,382.9964294433594,3867.64697265625,278.2763977050781
2025-01-21,968.62451171875,1691.394775390625,797.06494140625,1177.0677490234375,1711.896728515625,377.57208251953125,3827.859130859375,276.5154724121094
2025-01-22,957.7422485351562,1715.1365966796875,808.5423583984375,1181.299072265625,1764.8974609375,382.3981628417969,3942.38623046875,286.47869873046875
2025-01-23,949.505615234375,1695.71142578125,807.9843139648438,1182.5784912109375,1773.45361328125,377.88116455078125,3931.810546875,294.4493713378906
2025-01-24,946.959716796875,1682.4327392578125,800.6561889648438,1189.90966796875,1782.96044921875,376.1561279296875,3938.35498046875,296.6737060546875
2025-01-27,946.5603637695312,1606.51513671875,790.9500732421875,1208.3604736328125,1732.1463623046875,375.19891357421875,3855.648681640625,285.4128723144531
2025-01-28,982.2024536132812,1588.967041015625,810.6534423828125,1227.0081787109375,1739.5142822265625,376.46527099609375,3832.07958984375,286.9725646972656
2025-01-29,981.8031616210938,1613.131103515625,814.0020141601562,1231.6824951171875,1788.4744873046875,382.966552734375,3888.512939453125,295.33782958984375
2025-01-30,983.1009521484375,1607.594482421875,820.8933715820312,1235.5693359375,1768.224853515625,379.20733642578125,3888.750244140625,292.0767517089844
2025-01-31,984.4987182617188,1619.1839599609375,824.4118041992188,1232.814208984375,1787.095947265625,379.16748046875,3900.463623046875,294.8179626464844
2025-02-01,996.5291137695312,1589.6707763671875,820.62646484375,1235.520263671875,1760.049072265625,379.52642822265625,3863.236572265625,288.1067810058594
2025-02-03,987.7933959960938,1587.7939453125,814.3417358398438,1233.0108642578125,1771.40966796875,375.8171081542969,3858.968505859375,296.42486572265625
2025-02-04,1013.6513061523438,1625.8465576171875,835.161376953125,1247.9683837890625,1805.158935546875,384.59185791015625,3895.3896484375,298.9297180175781
2025-02-05,1011.654541015625,1607.35986328125,843.363037109375,1247.476318359375,1803.4952392578125,381.2514953613281,3880.26171875,299.733154296875
2025-02-06,1019.0425415039062,1617.35400390625,846.299072265625,1252.101318359375,1821.1781005859375,382.08905029296875,3872.341796875,300.5366516113281
2025-02-07,1022.43701171875,1619.37158203125,840.9122314453125,1236.8487548828125,1809.769775390625,384.74139404296875,3821.7412109375,300.5838623046875
2025-02-10,1010.1070556640625,1627.066650390625,832.6619262695312,1242.4576416015625,1787.5712890625,390.9036560058594,3828.90234375,301.57635498046875
2025-02-11,1005.76416015625,1617.0723876953125,825.6978759765625,1232.764892578125,1783.150634765625,382.6175537109375,3759.28515625,295.85772705078125
2025-02-12,1005.2649536132812,1611.5357666015625,828.3184814453125,1231.8299560546875,1771.26708984375,387.6729736328125,3746.575439453125,293.2110900878906
2025-02-13,1006.5628051757812,1598.2103271484375,823.9022216796875,1228.976318359375,1752.348388671875,393.4263916015625,3708.636962890625,291.65142822265625
2025-02-14,995.8801879882812,1605.8582763671875,822.5191040039062,1239.99755859375,1764.849853515625,389.3581237792969,3732.064208984375,291.22607421875
2025-02-17,991.3375854492188,1604.591552734375,833.4384765625,1231.1904296875,1751.4453125,387.9421691894531,3703.278076171875,288.6266784667969
2025-02-18,992.53564453125,1619.230712890625,836.2047119140625,1223.2196044921875,1760.619384765625,391.5418395996094,3673.591064453125,295.1015319824219
2025-02-19,1009.7077026367188,1606.8438720703125,838.21875,1241.52294921875,1721.498779296875,395.859375,3589.083251953125,296.8974609375
2025-02-20,1015.5482177734375,1583.6180419921875,818.7579956054688,1230.009521484375,1735.14111328125,392.9776611328125,3584.625244140625,296.1412658691406
2025-02-21,1007.3115844726562,1595.9580078125,821.378662109375,1213.28076171875,1725.4915771484375,389.48773193359375,3590.884765625,289.5719299316406
2025-02-24,1008.4097900390625,1542.797119140625,813.9049072265625,1198.9136962890625,1677.1016845703125,392.0902404785156,3486.1748046875,278.8907775878906
2025-02-25,1007.4613037109375,1535.3367919921875,816.4528198242188,1204.6212158203125,1680.524169921875,392.3196105957031,3442.498046875,275.3461608886719
2025-02-27,1015.0490112304688,1528.8616943359375,825.3582153320312,1202.9482421875,1677.2918701171875,388.3908996582031,3426.374267578125,278.3709411621094
2025-02-28,1013.90087890625,1478.046630859375,840.7423706054688,1184.8909912109375,1604.469482421875,379.49652099609375,3303.737548828125,262.4437561035156
2025-03-03,1005.6143188476562,1475.5599365234375,825.7706909179688,1186.9573974609375,1624.3388671875,381.8198547363281,3313.03271484375,268.0205993652344
2025-03-04,1000.1731567382812,1440.9324951171875,829.8715209960938,1191.0904541015625,1605.0399169921875,380.4637145996094,3350.022705078125,264.6650390625
2025-03-05,1012.802734375,1476.0760498046875,820.1654052734375,1196.305908203125,1627.0958251953125,385.5091857910156,3364.249755859375,269.4857177734375
2025-03-06,1032.4207763671875,1487.80615234375,820.7477416992188,1198.6185302734375,1631.231201171875,383.2357482910156,3415.98876953125,270.2419128417969
2025-03-07,1035.9649658203125,1461.999755859375,819.8013916015625,1195.17431640625,1602.853271484375,385.9678649902344,3425.09375,269.2021484375
2025-03-10,1034.16796875,1453.8824462890625,818.9521484375,1195.469482421875,1617.5413818359375,383.2457275390625,3404.654052734375,265.5157470703125
2025-03-11,1023.9844970703125,1471.2899169921875,817.9815673828125,1225.5321044921875,1579.6566162109375,385.9280090332031,3391.0439453125,262.53826904296875
2025-03-12,1009.5579833984375,1445.71826171875,830.4295654296875,1224.105224609375,1512.395751953125,395.37078857421875,3325.504638671875,253.84213256835938
2025-03-13,1008.5595703125,1440.2286376953125,828.2214965820312,1230.10791015625,1501.938232421875,395.8793029785156,3330.104736328125,249.54135131835938
2025-03-17,1032.470703125,1449.988037109375,830.0656127929688,1248.7557373046875,1511.63525390625,397.4747314453125,3317.443115234375,245.61862182617188
2025-03-18,1032.470703125,1449.988037109375,830.0656127929688,1248.7557373046875,1511.63525390625,397.4747314453125,3317.443115234375,245.61862182617188
2025-03-19,1050.341552734375,1449.3311767578125,846.42041015625,1292.1519775390625,1508.3079833984375,403.14837646484375,3316.874267578125,251.1482391357422
2025-03-20,1052.6378173828125,1465.8004150390625,858.3831787109375,1300.6148681640625,1535.8778076171875,405.96026611328125,3379.51953125,253.322265625
2025-03-21,1068.4122314453125,1470.2108154296875,859.15966796875,1321.673583984375,1514.0118408203125,414.6053466796875,3393.69921875,249.8248748779297
2025-03-24,1096.067138671875,1505.3544921875,873.5489501953125,1336.4835205078125,1514.2021484375,433.97955322265625,3441.928955078125,254.6455535888672
2025-03-25,1116.7337646484375,1524.8265380859375,883.958740234375,1322.263916015625,1548.1414794921875,432.7530517578125,3469.24462890625,256.157958984375
2025-03-26,1094.4698486328125,1532.8031005859375,876.7277221679688,1314.58837890625,1520.571533203125,427.74749755859375,3448.426025390625,252.755126953125
2025-03-27,1096.56640625,1529.7530517578125,885.8514404296875,1315.326416015625,1524.469482421875,424.5068664550781,3463.032470703125,257.292236328125
2025-03-28,1100.21044921875,1494.422119140625,887.2345581054688,1326.8397216796875,1493.19189453125,432.99237060546875,3420.303955078125,247.88717651367188
2025-04-01,1083.837158203125,1436.099609375,857.9464111328125,1297.416748046875,1451.21923828125,427.9468994140625,3367.806396484375,248.218017578125
2025-04-02,1082.68896484375,1433.47216796875,872.0444946289062,1310.0125732421875,1473.703125,429.68194580078125,3361.309326171875,249.1632537841797
2025-04-03,1088.0802001953125,1379.560302734375,871.0496215820312,1308.3397216796875,1422.69873046875,425.2945556640625,3227.765625,242.31031799316406
2025-04-04,1089.5279541015625,1334.5164794921875,881.9447631835938,1313.998046875,1380.060546875,425.16497802734375,3129.3623046875,232.81072998046875
2025-04-07,1046.2481689453125,1289.47265625,853.0205078125,1267.009765625,1327.8680419921875,406.3990173339844,3105.319091796875,229.59690856933594
2025-04-08,1076.0997314453125,1316.921142578125,858.5773315429688,1279.1627197265625,1358.3375244140625,409.84906005859375,3123.244873046875,233.7086944580078
2025-04-09,1059.926025390625,1295.00927734375,856.5632934570312,1280.04833984375,1334.4752197265625,409.3605041503906,3079.28369140625,223.689208984375
2025-04-11,1067.214111328125,1304.9095458984375,876.8247680664062,1290.7252197265625,1339.941650390625,421.02685546875,3064.961669921875,226.61944580078125
2025-04-15,1110.9930419921875,1338.6453857421875,905.0452270507812,1328.66015625,1355.675537109375,422.8216857910156,3080.801025390625,230.6366729736328
2025-04-16,1159.414306640625,1343.5250244140625,911.4027099609375,1334.7613525390625,1343.41162109375,423.4598388671875,3105.08154296875,234.08677673339844
2025-04-17,1188.8663330078125,1349.4371337890625,925.3309326171875,1384.2587890625,1349.49609375,436.3626708984375,3128.88818359375,223.92552185058594
2025-04-21,1221.0140380859375,1390.727294921875,935.231201171875,1387.3095703125,1379.442626953125,446.9920654296875,3150.418212890625,225.39065551757812
2025-04-22,1214.8240966796875,1388.7567138671875,952.0227661132812,1393.902587890625,1352.6334228515625,452.4563293457031,3143.58935546875,221.32614135742188
2025-04-23,1204.940185546875,1495.8294677734375,933.6782836914062,1401.676513671875,1402.1639404296875,444.12030029296875,3237.10791015625,230.2585906982422
2025-04-24,1205.139892578125,1488.9791259765625,930.2326049804688,1380.3226318359375,1398.836669921875,443.3226013183594,3226.295654296875,229.45513916015625
2025-04-25,1164.4061279296875,1481.002685546875,927.5148315429688,1382.38916015625,1407.20263671875,439.6133117675781,3270.304443359375,227.70645141601562
2025-04-28,1190.8631591796875,1470.656005859375,931.882568359375,1406.00634765625,1409.0087890625,443.84112548828125,3266.035888671875,227.328369140625
2025-04-29,1185.3720703125,1489.3558349609375,926.3502197265625,1406.9903564453125,1423.6494140625,439.7329406738281,3293.541748046875,228.1790771484375
2025-04-30,1183.07568359375,1487.9322509765625,934.2120361328125,1404.235107421875,1426.1212158203125,440.3511657714844,3275.71044921875,228.2736053466797
2025-05-02,1181.478271484375,1492.5833740234375,932.7076416015625,1407.2855224609375,1432.5859375,435.0863342285156,3254.180419921875,228.4437255859375
2025-05-05,1171.294921875,1488.976318359375,939.9386596679688,1406.5968017578125,1434.2020263671875,415.781982421875,3276.27978515625,230.23023986816406
2025-05-06,1159.5140380859375,1498.943115234375,937.4635620117188,1408.7615966796875,1436.958984375,413.60821533203125,3281.68603515625,227.98057556152344
2025-05-07,1159.414306640625,1483.9453125,944.2092895507812,1412.5010986328125,1433.916748046875,417.7762451171875,3267.553955078125,230.6744842529297
2025-05-08,1170.2965087890625,1500.4620361328125,935.91064453125,1412.5994873046875,1436.864013671875,421.3060607910156,3271.157958984375,228.3397674560547
2025-05-09,1149.230712890625,1489.73583984375,917.0807495117188,1366.742919921875,1433.2513427734375,419.4114990234375,3263.0009765625,228.7556610107422
2025-05-12,1201.04638671875,1585.513916015625,949.8388671875,1425.39208984375,1546.6678466796875,427.7674255371094,3433.8193359375,243.1893768310547
2025-05-13,1191.6617431640625,1537.387451171875,933.04736328125,1407.777587890625,1491.2430419921875,421.9043273925781,3333.8515625,237.79208374023438
2025-05-14,1193.5587158203125,1554.568603515625,927.2236938476562,1403.44775390625,1513.8692626953125,417.2776794433594,3365.814697265625,239.08705139160156
2025-05-15,1207.1365966796875,1609.909423828125,938.4827880859375,1427.6553955078125,1533.4534912109375,420.0696105957031,3395.406494140625,242.51824951171875
2025-05-16,1206.837158203125,1575.641845703125,938.9195556640625,1430.8043212890625,1511.49267578125,420.4285888671875,3377.76513671875,240.38201904296875
2025-05-19,1200.846923828125,1565.8646240234375,940.8607177734375,1425.8841552734375,1482.8770751953125,421.02685546875,3337.45556640625,237.9622344970703
2025-05-20,1193.8582763671875,1555.1383056640625,929.3104858398438,1415.25634765625,1483.637451171875,416.8189697265625,3318.011962890625,236.03396606445312
2025-05-21,1195.85498046875,1568.1427001953125,935.0856323242188,1421.6527099609375,1491.1480712890625,413.0697937011719,3344.0947265625,237.17767333984375
2025-05-22,1186.570068359375,1550.1072998046875,931.737060546875,1419.0941162109375,1471.18359375,411.97296142578125,3297.8095703125,232.47044372558594
2025-05-23,1208.135009765625,1564.53564453125,938.3856201171875,1426.67138671875,1487.6304931640625,418.9528503417969,3333.47216796875,233.8126678466797
2025-05-26,1213.2265625,1588.6463623046875,941.5886840820312,1437.2989501953125,1502.55615234375,416.659423828125,3355.00244140625,236.53492736816406
2025-05-27,1193.658447265625,1568.2376708984375,934.843017578125,1423.3255615234375,1492.6690673828125,414.2862854003906,3318.391357421875,234.65391540527344
2025-05-28,1192.7598876953125,1573.1737060546875,933.484130859375,1430.6075439453125,1494.2852783203125,413.6680603027344,3317.443115234375,233.87881469726562
2025-05-29,1199.74853515625,1580.1981201171875,935.42529296875,1433.264404296875,1507.4046630859375,415.1239013671875,3317.822265625,236.44039916992188
2025-05-30,1190.2640380859375,1553.5244140625,943.8696899414062,1422.7352294921875,1506.5369873046875,413.7478332519531,3284.91064453125,235.9961395263672
2025-06-02,1192.46044921875,1548.683349609375,937.65771484375,1427.3602294921875,1497.9569091796875,411.5342102050781,3272.01123046875,234.11512756347656
2025-06-03,1179.5814208984375,1547.6392822265625,934.0179443359375,1414.961181640625,1487.5450439453125,407.7251892089844,3229.709716796875,232.73509216308594
2025-06-04,1169.098388671875,1543.5574951171875,942.0740356445312,1408.1712646484375,1495.4503173828125,408.08416748046875,3235.1640625,233.34005737304688
2025-06-05,1157.117919921875,1549.5377197265625,946.1505737304688,1431.591552734375,1498.43896484375,406.8078308105469,3225.78662109375,234.36090087890625
2025-06-06,1192.66015625,1554.568603515625,960.2728881835938,1436.413330078125,1507.5975341796875,413.4885559082031,3238.322021484375,234.9752960205078
2025-06-09,1217.9190673828125,1564.6307373046875,960.3699951171875,1411.9107666015625,1516.3704833984375,426.4113464355469,3274.39697265625,237.5274200439453
2025-06-10,1230.798095703125,1583.425537109375,953.7698974609375,1400.200439453125,1538.6402587890625,428.9839172363281,3313.62939453125,240.91136169433594
2025-06-11,1229.400390625,1634.49462890625,946.5388793945312,1408.1712646484375,1572.4786376953125,427.8272705078125,3322.24169921875,244.73956298828125
2025-06-12,1210.930419921875,1614.8453369140625,943.1416625976562,1402.4637451171875,1550.7874755859375,424.13787841796875,3286.16650390625,245.39173889160156
2025-06-13,1203.842041015625,1609.2449951171875,930.6207885742188,1393.5089111328125,1544.4246826171875,420.26904296875,3297.170654296875,245.95889282226562
2025-06-16,1213.4263916015625,1635.5386962890625,939.2592163085938,1404.13671875,1565.441162109375,426.57086181640625,3345.590087890625,248.49212646484375
2025-06-17,1213.1268310546875,1641.8035888671875,936.4444580078125,1400.49560546875,1580.962646484375,426.13214111328125,3363.77099609375,248.51104736328125
2025-06-18,1219.017333984375,1628.7991943359375,938.5313110351562,1390.064697265625,1574.214111328125,425.2546691894531,3302.625244140625,247.26332092285156
2025-06-19,1215.52294921875,1626.9007568359375,939.2107543945312,1388.78564453125,1560.2352294921875,428.046630859375,3276.40625,251.0347900390625
2025-06-20,1218.7177734375,1651.580810546875,953.4786376953125,1404.33349609375,1564.573486328125,432.71319580078125,3287.602294921875,251.94223022460938
2025-06-23,1212.12841796875,1616.74365234375,945.5681762695312,1397.4451904296875,1527.071533203125,435.5649719238281,3247.31689453125,248.82293701171875
2025-06-24,1219.2169189453125,1605.922607421875,951.634521484375,1401.38134765625,1524.7576904296875,443.4422912597656,3244.25439453125,250.4582061767578
2025-06-25,1211.3297119140625,1629.9381103515625,961.0009155273438,1403.05419921875,1556.8609619140625,438.3968200683594,3296.309814453125,254.655029296875
2025-06-26,1231.4969482421875,1636.582763671875,981.1896362304688,1416.1419677734375,1557.9215087890625,439.51361083984375,3293.439208984375,253.81378173828125
2025-06-27,1223.110595703125,1635.823486328125,988.5982666015625,1438.8734130859375,1550.208984375,440.311279296875,3292.76953125,250.5338134765625
2025-06-30,1197.2525634765625,1640.8546142578125,982.023681640625,1422.7352294921875,1544.2318115234375,431.4568176269531,3312.7685546875,251.41290283203125
2025-07-01,1171.394775390625,1631.077392578125,987.2244873046875,1409.1552734375,1549.0521240234375,435.46527099609375,3281.860595703125,250.06118774414062
2025-07-02,1173.3914794921875,1631.3621826171875,974.418701171875,1405.0223388671875,1552.619140625,432.5735778808594,3275.73681640625,252.37701416015625
2025-07-03,1169.1982421875,1625.002197265625,974.9583740234375,1403.152587890625,1560.5244140625,424.0980224609375,3254.206298828125,252.42428588867188
2025-07-04,1176.6925048828125,1638.2916259765625,976.037841796875,1419.7830810546875,1581.7337646484375,424.7361755371094,3272.38720703125,255.25999450683594
2025-07-07,1174.1944580078125,1623.5784912109375,975.1055908203125,1412.796142578125,1568.526123046875,428.72467041015625,3264.63671875,253.0859375
2025-07-08,1164.501953125,1621.3951416015625,981.974609375,1418.9957275390625,1579.8056640625,443.6217346191406,3259.37353515625,254.88186645507812
2025-07-09,1163.8023681640625,1589.0260009765625,986.7828369140625,1409.0570068359375,1574.9852294921875,444.5789794921875,3237.939453125,253.13319396972656
2025-07-10,1163.40283203125,1579.2489013671875,984.3296508789062,1401.38134765625,1557.7286376953125,439.49365234375,3236.217041015625,250.5338134765625
2025-07-11,1172.8955078125,1555.1383056640625,973.2902221679688,1399.2164306640625,1537.579833984375,442.843994140625,3125.21728515625,244.1534881591797
2025-07-14,1171.7962646484375,1537.5775146484375,972.94677734375,1400.2989501953125,1513.8638916015625,439.49365234375,3083.78369140625,240.32530212402344
2025-07-15,1165.0015869140625,1486.8880615234375,979.079833984375,1407.9744873046875,1528.614013671875,436.3626708984375,3112.107666015625,243.30279541015625
2025-07-16,1167.4996337890625,1483.470703125,979.4722900390625,1403.6446533203125,1550.112548828125,434.6276550292969,3104.234619140625,248.40704345703125
2025-07-17,1158.90625,1465.530029296875,974.8602294921875,1396.0675048828125,1526.5894775390625,432.91259765625,3081.286865234375,246.32754516601562
2025-07-18,1098.452880859375,1481.697998046875,960.38623046875,1403.05419921875,1529.0960693359375,427.3621826171875,3062.756591796875,252.32977294921875
2025-07-21,1098.7525634765625,1464.094970703125,981.5330200195312,1442.4161376953125,1527.36083984375,432.2936706542969,3032.31982421875,246.09124755859375
2025-07-22,1097.15380859375,1454.2412109375,984.771240234375,1450.0916748046875,1514.4423828125,431.29541015625,3033.6640625,245.47683715820312
2025-07-23,1103.9486083984375,1463.52099609375,993.2103881835938,1464.852294921875,1517.9129638671875,433.3318786621094,3052.386962890625,247.08370971679688
2025-07-24,1094.256103515625,1441.900146484375,988.2548217773438,1459.7353515625,1496.70361328125,427.681640625,3022.5263671875,247.50909423828125
2025-07-25,1085.262939453125,1425.541015625,985.9922485351562,1453.5357666015625,1461.2261962890625,424.18768310546875,3010.8125,245.0042266845703
2025-07-28,1072.7725830078125,1402.580810546875,987.9105224609375,1464.6556396484375,1461.515380859375,392.6421203613281,2956.564697265625,241.0043487548828
2025-07-29,1063.3798828125,1408.60791015625,994.3539428710938,1462.4906005859375,1459.2979736328125,393.86004638671875,2934.193359375,242.6910400390625
2025-07-30,1072.472900390625,1412.5301513671875,996.4197998046875,1458.7513427734375,1464.40771484375,391.2644958496094,2931.888916015625,241.14891052246094
2025-07-31,1067.57666015625,1404.302978515625,992.6815795898438,1457.767333984375,1454.76708984375,395.0379943847656,2915.758544921875,239.31765747070312
2025-08-01,1061.581298828125,1389.1873779296875,989.7304077148438,1448.12353515625,1416.782958984375,397.7932434082031,2883.305908203125,233.96841430664062
2025-08-04,1067.7764892578125,1410.5213623046875,979.7947387695312,1439.8575439453125,1427.291259765625,398.7116394042969,2951.859619140625,237.1490478515625
2025-08-05,1069.974853515625,1418.4615478515625,972.7118530273438,1421.357421875,1407.8173828125,399.9095764160156,2941.7783203125,237.0141143798828
2025-08-06,1070.1746826171875,1399.806396484375,976.499267578125,1420.5703125,1385.0654296875,399.789794921875,2911.43798828125,231.27935791015625
2025-08-07,1075.37060546875,1411.573486328125,981.4671020507812,1417.322998046875,1385.25830078125,397.73333740234375,2925.55224609375,233.5540008544922
2025-08-08,1057.2845458984375,1411.764892578125,970.8920288085938,1412.9931640625,1371.9542236328125,389.8669128417969,2915.37451171875,230.40228271484375
2025-08-11,1072.472900390625,1423.5321044921875,981.5654296875,1413.681884765625,1376.8709716796875,394.4989013671875,2919.59912109375,232.87930297851562
2025-08-12,1069.1754150390625,1434.151123046875,968.924560546875,1410.112060546875,1372.918212890625,391.1247253417969,2914.4140625,232.97567749023438
2025-08-13,1065.178466796875,1436.064453125,974.0399169921875,1408.922119140625,1375.328369140625,396.8548583984375,2915.1826171875,232.90821838378906
2025-08-14,1067.376708984375,1425.2540283203125,979.35205078125,1415.3677978515625,1395.6700439453125,394.9581298828125,2901.836669921875,237.88156127929688
2025-08-18,1081.7657470703125,1420.6619873046875,985.5003662109375,1422.606689453125,1384.1978759765625,399.5901184082031,2891.17919921875,236.33944702148438
2025-08-19,1082.365234375,1412.1475830078125,979.35205078125,1424.29248046875,1388.246826171875,405.2803039550781,2895.979736328125,238.02613830566406
2025-08-20,1079.3675537109375,1431.1854248046875,977.9256591796875,1418.64013671875,1442.427001953125,402.8045654296875,2975.09521484375,241.76576232910156
2025-08-21,1078.068603515625,1428.793701171875,979.4012451171875,1433.911376953125,1442.619873046875,402.8644714355469,2978.935791015625,240.86941528320312
2025-08-22,1070.07470703125,1402.772216796875,966.317626953125,1424.3917236328125,1434.0396728515625,396.63525390625,2932.27294921875,239.64535522460938
2025-08-25,1069.1754150390625,1439.0301513671875,966.0717163085938,1421.2183837890625,1477.0367431640625,395.97637939453125,3015.42138671875,244.65724182128906
2025-08-26,1049.290771484375,1428.1240234375,957.5625,1404.7572021484375,1474.6265869140625,392.46246337890625,3031.359619140625,242.9127197265625
2025-08-28,1051.08935546875,1386.987060546875,942.2162475585938,1387.4034423828125,1446.1868896484375,388.2696838378906,2970.390380859375,241.58262634277344
2025-08-29,1044.39453125,1391.7703857421875,936.1171264648438,1386.1143798828125,1416.782958984375,391.3843078613281,2961.74951171875,240.38751220703125
2025-09-01,1060.6820068359375,1404.7811279296875,935.1333618164062,1399.2039794921875,1445.511962890625,393.04144287109375,2988.537353515625,241.3031463623047
2025-09-02,1055.385986328125,1402.1981201171875,929.1326904296875,1382.54443359375,1444.837158203125,387.8304443359375,2987.481201171875,241.8524932861328
2025-09-03,1053.88720703125,1402.580810546875,938.9207763671875,1385.321044921875,1425.941650390625,391.3643493652344,2974.039306640625,240.53207397460938
2025-09-04,1049.590576171875,1380.7686767578125,945.610107421875,1393.75,1410.420166015625,389.2679443359375,2972.310546875,236.10812377929688
2025-09-05,1055.0863037109375,1357.521484375,947.7251586914062,1391.0726318359375,1392.6815185546875,388.4294128417969,2926.80029296875,234.8551483154297
2025-09-08,1054.6866455078125,1342.214599609375,950.2828369140625,1390.973388671875,1381.4019775390625,389.3478088378906,2898.668212890625,233.7467498779297
2025-09-09,1051.3890380859375,1365.2705078125,949.4467163085938,1391.9649658203125,1450.2359619140625,391.40423583984375,2927.856201171875,240.1368865966797
2025-09-10,1069.2752685546875,1400.4761962890625,950.1845092773438,1392.163330078125,1477.518798828125,393.9798278808594,2986.041015625,246.49813842773438
2025-09-11,1086.56201171875,1404.1114501953125,952.0535278320312,1389.882568359375,1455.4417724609375,393.7801513671875,2999.675048828125,244.72471618652344
2025-09-12,1104.4482421875,1403.633056640625,951.5617065429688,1405.847900390625,1470.7703857421875,393.7801513671875,3008.50830078125,242.82598876953125
2025-09-15,1103.5489501953125,1402.9635009765625,951.3157348632812,1407.5338134765625,1454.1885986328125,393.4806823730469,2987.864990234375,242.18984985351562
2025-09-16,1120.3359375,1418.8443603515625,951.1190185546875,1409.71533203125,1456.9844970703125,403.64312744140625,3020.318359375,244.82107543945312
2025-09-17,1125.13232421875,1417.3138427734375,950.7747192382812,1407.33544921875,1467.685546875,409.353271484375,3046.337890625,244.9560089111328
2025-09-18,1132.1268310546875,1429.0806884765625,961.0055541992188,1409.814453125,1485.2313232421875,410.2117919921875,3050.082275390625,247.6354522705078
2025-09-19,1135.024658203125,1403.8245849609375,951.168212890625,1390.4775390625,1484.845703125,405.49993896484375,3042.881591796875,246.62344360351562
2025-09-22,1143.51806640625,1377.515869140625,948.5121459960938,1389.783447265625,1445.6083984375,403.64312744140625,2951.28369140625,241.2742156982422
2025-09-23,1169.8978271484375,1367.8536376953125,941.6260375976562,1382.6436767578125,1443.6802978515625,408.83416748046875,2940.338134765625,240.59954833984375
2025-09-24,1158.0069580078125,1379.81201171875,935.5761108398438,1371.1405029296875,1440.884521484375,405.5598449707031,2914.4140625,235.7418670654297
2025-09-25,1165.700927734375,1362.1136474609375,934.3955688476562,1364.29833984375,1431.4368896484375,402.0059814453125,2839.5234375,233.2455596923828
2025-09-26,1153.1107177734375,1334.8482666015625,929.6737060546875,1348.233642578125,1396.8270263671875,398.27239990234375,2783.547119140625,227.22164916992188
2025-09-29,1131.327392578125,1327.29052734375,934.8382568359375,1336.829833984375,1389.982177734375,397.6335144042969,2780.66650390625,230.97093200683594
2025-09-30,1130.7279052734375,1325.090087890625,935.5269165039062,1336.730712890625,1389.982177734375,397.8531494140625,2773.2734375,230.710693359375
2025-10-01,1158.6064453125,1329.299560546875,949.5450439453125,1360.530029296875,1393.8385009765625,411.94879150390625,2798.045166015625,232.3491973876953
2025-10-03,1180.08984375,1333.1263427734375,949.4467163085938,1353.786865234375,1394.609619140625,419.3759765625,2786.235595703125,232.262451171875
2025-10-06,1211.865478515625,1356.2777099609375,957.6116333007812,1352.001953125,1422.9530029296875,428.4602966308594,2869.287841796875,233.37086486816406
2025-10-07,1185.885498046875,1371.297607421875,966.514404296875,1364.3974609375,1406.0819091796875,424.6468811035156,2855.173583984375,234.72021484375
2025-10-08,1179.690185546875,1390.2396240234375,962.7762451171875,1358.8443603515625,1441.2701416015625,422.83001708984375,2906.541259765625,235.43344116210938
2025-10-09,1166.5003662109375,1422.0970458984375,961.2022094726562,1364.69482421875,1455.0562744140625,428.1807861328125,2939.666015625,237.4863739013672
2025-10-10,1179.4903564453125,1430.7071533203125,964.9404296875,1368.7607421875,1460.4549560546875,429.27886962890625,2907.59765625,239.70318603515625
2025-10-13,1188.6832275390625,1429.941650390625,961.1038818359375,1367.8681640625,1439.5347900390625,429.6781921386719,2887.33837890625,236.2623291015625
2025-10-14,1175.8931884765625,1430.6114501953125,961.25146484375,1372.52880859375,1436.353515625,429.6182861328125,2842.307861328125,239.4333038330078
2025-10-15,1168.6986083984375,1430.8983154296875,962.3335571289062,1386.7093505859375,1421.4105224609375,429.1790466308594,2862.06396484375,241.1585693359375
2025-10-16,1195.378173828125,1449.3623046875,978.1715698242188,1405.451416015625,1418.61474609375,440.3197937011719,2862.931396484375,244.62832641601562
2025-10-17,1199.2750244140625,1433.1617431640625,986.2381591796875,1424.5899658203125,1389.3072509765625,440.3996887207031,2854.739501953125,232.1853485107422
2025-10-20,1225.05517578125,1442.0335693359375,986.6316528320312,1378.6771240234375,1408.395751953125,441.9969177246094,2905.81689453125,232.5130615234375
2025-10-21,1236.3465576171875,1432.96875,991.3043823242188,1370.4464111328125,1419.482421875,438.6427001953125,2897.62548828125,232.6287078857422
2025-10-23,1257.8299560546875,1469.5164794921875,992.386474609375,1352.2994384765625,1473.566162109375,444.35284423828125,2961.712890625,235.4623565673828
2025-10-24,1240.9429931640625,1469.419921875,978.5650634765625,1366.182373046875,1470.57763671875,436.6461486816406,2952.07568359375,234.19009399414062
2025-10-27,1253.133544921875,1478.7738037109375,986.6316528320312,1366.083251953125,1472.633056640625,428.9794006347656,2972.98828125,235.0864715576172
2025-10-28,1245.339599609375,1467.7806396484375,987.2218627929688,1351.7044677734375,1468.4241943359375,431.4151916503906,2946.9677734375,233.61181640625
2025-10-29,1247.837646484375,1501.7244873046875,991.451904296875,1358.9434814453125,1478.408203125,429.3587341308594,2946.678955078125,233.5154266357422
2025-10-30,1237.6455078125,1494.4921875,981.9097900390625,1351.0103759765625,1462.1597900390625,426.70330810546875,2925.187744140625,233.16844177246094
2025-10-31,1231.8499755859375,1486.48828125,971.2362670898438,1334.0533447265625,1450.9034423828125,419.71539306640625,2947.064208984375,231.9636688232422
2025-11-03,1232.749267578125,1488.4168701171875,976.499267578125,1335.14404296875,1454.0355224609375,421.97149658203125,2907.359130859375,231.79983520507812
2025-11-04,1225.6546630859375,1474.53076171875,969.2196655273438,1325.7235107421875,1436.808349609375,418.5973205566406,2881.723876953125,229.3131561279297
2025-11-06,1227.55322265625,1471.92724609375,968.6294555664062,1309.3614501953125,1435.6336669921875,415.92193603515625,2901.6728515625,231.36610412597656
2025-11-07,1221.857666015625,1458.4268798828125,966.317626953125,1331.7724609375,1445.5198974609375,416.940185546875,2883.26611328125,227.9348907470703
2025-11-10,1216.0621337890625,1485.52392578125,968.4818725585938,1336.730712890625,1481.4425048828125,417.81866455078125,2915.4541015625,231.1636962890625
2025-11-11,1221.557861328125,1513.9710693359375,975.564697265625,1346.944580078125,1497.88671875,416.6606750488281,2936.463623046875,232.94677734375
2025-11-12,1220.6585693359375,1537.1146240234375,973.4005126953125,1347.53955078125,1518.8333740234375,416.1814880371094,3018.18701171875,236.3490753173828
2025-11-13,1224.2557373046875,1541.4541015625,970.596923828125,1374.3138427734375,1509.14306640625,414.32470703125,2993.03369140625,236.45509338378906
2025-11-14,1240.6431884765625,1537.693359375,973.4988403320312,1361.521728515625,1470.9691162109375,415.22314453125,2993.322998046875,235.52981567382812
2025-11-17,1248.636962890625,1549.072265625,980.3357543945312,1367.4715576171875,1475.66748046875,419.8551330566406,2989.66064453125,235.22140502929688
2025-11-18,1264.4249267578125,1538.2718505859375,976.302490234375,1361.9183349609375,1454.91650390625,417.8985290527344,2975.10888671875,232.1853485107422
2025-11-19,1269.4210205078125,1603.2664794921875,978.41748046875,1371.5372314453125,1508.4578857421875,420.4541015625,3033.510009765625,237.16831970214844
2025-11-20,1284.2095947265625,1586.6805419921875,992.4356689453125,1371.4381103515625,1503.955322265625,419.0165710449219,3030.715576171875,237.3514404296875
2025-11-21,1274.81689453125,1550.6151123046875,981.8114013671875,1358.0509033203125,1512.2752685546875,416.84033203125,3036.30517578125,235.64549255371094
2025-11-24,1268.0220947265625,1552.929443359375,982.8934936523438,1356.960205078125,1515.2117919921875,416.7405090332031,3027.24609375,238.32492065429688
2025-11-25,1265.32421875,1543.9613037109375,973.6956176757812,1346.4488525390625,1498.1802978515625,413.26654052734375,3006.04443359375,236.75389099121094
2025-11-26,1289.2056884765625,1560.161865234375,987.5662231445312,1363.5050048828125,1524.902099609375,420.03485107421875,3048.158935546875,241.1392822265625
2025-11-27,1286.3079833984375,1570.86572265625,993.0750732421875,1380.5611572265625,1533.2220458984375,421.3126220703125,3022.81298828125,240.53207397460938
2025-11-28,1278.7137451171875,1566.2369384765625,991.2059936523438,1377.189697265625,1527.055419921875,424.1477355957031,3023.68017578125,240.50315856933594
2025-12-01,1274.7169189453125,1584.2696533203125,985.7954711914062,1378.478759765625,1530.872802734375,428.77972412109375,3019.729248046875,241.2260284423828
2025-12-02,1257.030517578125,1577.1336669921875,973.6956176757812,1361.521728515625,1527.9364013671875,427.7415466308594,3021.94580078125,241.12001037597656
2025-12-03,1269.720703125,1581.955322265625,984.2214965820312,1379.8670654296875,1545.261474609375,428.4802551269531,3064.638671875,245.47650146484375
2025-12-04,1279.0135498046875,1595.552001953125,980.9752197265625,1375.1070556640625,1563.7611083984375,426.34393310546875,3112.053466796875,247.6354522705078
2025-12-05,1281.51171875,1622.9385986328125,986.9759521484375,1380.858642578125,1581.9671630859375,430.23724365234375,3120.72705078125,250.50765991210938
2025-12-08,1272.8184814453125,1628.338623046875,986.7791748046875,1377.98291015625,1576.681640625,425.58526611328125,3119.0888671875,251.9244842529297
2025-12-09,1274.916748046875,1598.4449462890625,980.8768310546875,1363.7032470703125,1565.1314697265625,424.8066101074219,3091.911865234375,248.0980987548828
2025-12-10,1277.6146240234375,1606.545166015625,973.6956176757812,1352.2001953125,1551.2322998046875,425.16595458984375,3073.504638671875,248.64749145507812
2025-12-11,1271.7191162109375,1612.7169189453125,984.0247802734375,1348.63037109375,1564.1527099609375,435.28851318359375,3076.106689453125,249.87152099609375
2025-12-12,1285.10888671875,1613.48828125,985.2052612304688,1354.5802001953125,1564.348388671875,434.5697326660156,3103.669189453125,251.17269897460938
2025-12-15,1283.8099365234375,1623.90283203125,979.89306640625,1353.786865234375,1572.766357421875,435.50811767578125,3113.01708984375,252.2714385986328
2025-12-16,1218.66015625,1592.7554931640625,978.1223754882812,1354.5802001953125,1559.1607666015625,435.7277526855469,3088.828125,249.84262084960938
2025-12-17,1223.756103515625,1595.937744140625,967.989990234375,1341.0938720703125,1568.0679931640625,433.89093017578125,3101.0673828125,251.69317626953125
2025-12-18,1228.852294921875,1602.109375,963.7599487304688,1345.4571533203125,1592.3427734375,432.17388916015625,3161.78173828125,254.30514526367188
2025-12-19,1229.651611328125,1583.7874755859375,969.465576171875,1342.7796630859375,1603.9906005859375,431.1556396484375,3162.938232421875,254.88343811035156
2025-12-22,1232.2496337890625,1610.6917724609375,971.6298217773438,1357.059326171875,1653.8125,429.1990051269531,3204.281982421875,262.80609130859375
2025-12-23,1224.0560302734375,1619.94921875,980.3849487304688,1351.605224609375,1632.9637451171875,431.7945251464844,3189.922607421875,261.5820007324219
2025-12-24,1225.35498046875,1614.9346923828125,980.9752197265625,1348.43212890625,1628.16748046875,431.9941711425781,3198.59619140625,258.3628234863281
2025-12-26,1227.25341796875,1601.6273193359375,975.9581909179688,1339.110595703125,1621.0220947265625,432.0940246582031,3161.010986328125,256.6664733886719
2025-12-29,1231.050537109375,1572.6015625,975.564697265625,1332.070068359375,1609.863525390625,430.9759521484375,3133.544677734375,254.68101501464844
2025-12-30,1245.039794921875,1557.55810546875,974.7777709960938,1331.276611328125,1587.2528076171875,429.7979736328125,3129.015380859375,254.11236572265625
2025-12-31,1268.4217529296875,1565.369140625,975.0728759765625,1331.67333984375,1581.1842041015625,439.4613037109375,3089.887939453125,253.75575256347656
2026-01-01,1273.41796875,1576.1693115234375,975.023681640625,1326.8143310546875,1595.2791748046875,442.7955322265625,3110.31884765625,257.67852783203125
2026-01-02,1265.9237060546875,1581.6658935546875,985.3035888671875,1344.06884765625,1605.6546630859375,438.26336669921875,3132.773681640625,259.268798828125
2026-01-05,1284.8092041015625,1550.2293701171875,961.5957641601562,1360.0341796875,1572.374755859375,437.4248046875,3099.428955078125,253.77500915527344
2026-01-06,1292.802978515625,1558.618896484375,946.544677734375,1399.4022216796875,1578.0518798828125,428.5401611328125,3137.688720703125,255.9918212890625
2026-01-07,1294.501708984375,1588.898193359375,933.608642578125,1415.7642822265625,1604.2843017578125,428.06097412109375,3176.044921875,261.0036926269531
2026-01-08,1285.808349609375,1587.9339599609375,931.296875,1423.00341796875,1579.128662109375,425.8647766113281,3087.671630859375,252.71482849121094
2026-01-09,1271.019775390625,1602.109375,923.72216796875,1392.56005859375,1579.91162109375,424.62689208984375,3091.43017578125,252.473876953125
2026-01-12,1273.218017578125,1608.088134765625,921.7055053710938,1401.286376953125,1562.09716796875,425.9246826171875,3122.076416015625,253.58226013183594
2026-01-13,1261.0274658203125,1605.5809326171875,922.0989990234375,1424.9866943359375,1565.1314697265625,425.7848815917969,3149.446044921875,254.64247131347656
2026-01-14,1297.7991943359375,1608.9560546875,910.3926391601562,1406.5421142578125,1565.91455078125,420.2744140625,3076.68505859375,250.7871856689453
2026-01-15,1297.7991943359375,1608.9560546875,910.3926391601562,1406.5421142578125,1565.91455078125,420.2744140625,3076.68505859375,250.7871856689453
2026-01-16,1293.20263671875,1649.264892578125,915.95068359375,1399.0057373046875,1654.00830078125,417.479248046875,3146.54931640625,257.77490234375
2026-01-19,1306.492431640625,1667.525390625,912.8027954101562,1369.05810546875,1645.59033203125,426.16424560546875,3104.258056640625,237.0526580810547
2026-01-20,1292.503173828125,1638.8720703125,916.049072265625,1364.29833984375,1623.7628173828125,423.069580078125,3044.10791015625,231.2215118408203
2026-01-21,1283.9097900390625,1634.209716796875,905.3755493164062,1337.7222900390625,1619.358154296875,420.8733825683594,3064.027099609375,230.8842010498047
2026-01-22,1293.80224609375,1654.218505859375,903.75244140625,1334.2515869140625,1628.265380859375,425.26580810546875,3091.305419921875,231.9443817138672
2026-01-23,1257.030517578125,1658.006591796875,901.1947021484375,1332.169189453125,1635.4107666015625,422.0713195800781,3103.178466796875,229.77577209472656
2026-01-27,1314.7860107421875,1670.82763671875,911.3272094726562,1350.0186767578125,1647.05859375,407.9956359863281,3098.762939453125,232.148681640625
2026-01-28,1318.782958984375,1679.9578857421875,917.524658203125,1356.2659912109375,1631.2017822265625,411.6892395019531,3140.073486328125,234.66989135742188
2026-01-29,1362.6490478515625,1672.1875,920.2791137695312,1372.0330810546875,1624.35009765625,411.6892395019531,3085.41796875,237.09222412109375
2026-01-30,1369.343994140625,1646.9337158203125,914.1307983398438,1343.672119140625,1606.241943359375,407.29681396484375,3065.302490234375,234.22496032714844
2026-02-02,1310.4893798828125,1628.67333984375,912.9994506835938,1341.4906005859375,1594.8875732421875,407.4964904785156,3110.1455078125,239.56399536132812
2026-02-03,1355.15478515625,1646.6424560546875,933.2643432617188,1378.08203125,1620.9241943359375,415.0833740234375,3164.800537109375,239.94960021972656
2026-02-04,1337.6683349609375,1575.2520751953125,937.5927124023438,1396.625732421875,1503.2701416015625,411.63934326171875,2942.84375,230.70516967773438
2026-02-05,1329.5745849609375,1563.7906494140625,934.248046875,1384.8251953125,1488.00048828125,408.0455322265625,2935.38623046875,230.75460815429688
2026-02-06,1340.5660400390625,1547.9583740234375,925.7879638671875,1394.344970703125,1475.177978515625,421.6221008300781,2886.422119140625,228.11476135253906
2026-02-09,1340.3663330078125,1556.020263671875,922.0006103515625,1384.626953125,1465.4876708984375,428.06097412109375,2892.8984375,227.4819793701172
2026-02-10,1355.6544189453125,1527.94970703125,917.2295532226562,1394.7415771484375,1466.0750732421875,428.5600891113281,2928.61572265625,228.85629272460938
2026-02-11,1346.2618408203125,1507.066650390625,912.0157470703125,1394.344970703125,1440.7236328125,428.8096618652344,2855.21875,227.21502685546875
2026-02-12,1338.9674072265625,1433.7337646484375,905.6215209960938,1418.045166015625,1356.64306640625,425.515380859375,2698.51416015625,216.606201171875
2026-02-13,1331.2733154296875,1413.4334716796875,889.1932373046875,1402.77392578125,1340.1009521484375,419.9250183105469,2641.7001953125,211.6725311279297
2026-02-16,1357.2532958984375,1419.84423828125,910.7368774414062,1399.7989501953125,1336.6751708984375,424.8664855957031,2655.830322265625,210.85189819335938
2026-02-17,1356.154052734375,1440.047119140625,910.6385498046875,1395.7332763671875,1361.73291015625,423.7184753417969,2666.427490234375,213.2544708251953
2026-02-18,1375.9388427734375,1425.089111328125,909.6548461914062,1396.4273681640625,1344.603515625,425.6152038574219,2644.349609375,209.55670166015625
2026-02-19,1355.5545654296875,1408.771484375,900.702880859375,1377.189697265625,1341.471435546875,415.6823425292969,2627.66845703125,208.82505798339844
2026-02-20,1367.24560546875,1395.2703857421875,897.0138549804688,1382.8419189453125,1324.5377197265625,420.6238098144531,2635.812744140625,207.4903106689453
2026-02-23,1385.63134765625,1385.265869140625,908.5726928710938,1387.7010498046875,1299.3822021484375,429.95770263671875,2626.0986328125,203.56512451171875
2026-02-24,1386.5306396484375,1300.762939453125,895.6858520507812,1373.2230224609375,1248.4835205078125,426.962890625,2525.423095703125,197.8800506591797
2026-02-25,1401.9188232421875,1338.6435546875,892.8330078125,1388.791748046875,1262.7742919921875,424.2176208496094,2579.980224609375,199.63995361328125
2026-02-26,1394.424560546875,1334.0784912109375,883.9794311523438,1393.155029296875,1261.7955322265625,423.81829833984375,2598.034912109375,198.8094482421875
2026-02-27,1382.83349609375,1349.2308349609375,873.3060302734375,1367.3724365234375,1272.5625,414.48443603515625,2587.92822265625,198.69081115722656
2026-03-02,1371.2425537109375,1331.6502685546875,865.0918579101562,1362.5133056640625,1261.5997314453125,412.3880310058594,2564.4765625,196.32778930664062
2026-03-04,1350.2586669921875,1324.8511962890625,854.5167846679688,1353.9852294921875,1279.7078857421875,402.65484619140625,2539.2587890625,193.34188842773438
2026-03-05,1348.060302734375,1315.2352294921875,863.4686889648438,1346.2503662109375,1278.141845703125,406.5980224609375,2530.427490234375,193.4704132080078
2026-03-06,1314.7860107421875,1317.7606201171875,843.10546875,1302.419921875,1280.686767578125,399.1109313964844,2509.625244140625,193.19357299804688
2026-03-09,1287.3072509765625,1319.606201171875,827.0215454101562,1267.7125244140625,1287.14697265625,385.68414306640625,2479.991455078125,196.50575256347656
2026-03-10,1313.686767578125,1322.4229736328125,835.629150390625,1300.9324951171875,1268.1578369140625,391.1746520996094,2465.9599609375,198.6611328125
2026-03-11,1254.832275390625,1311.54443359375,820.38134765625,1283.777099609375,1249.2667236328125,382.5395812988281,2418.663818359375,199.9464569091797
2026-03-12,1233.5487060546875,1319.1204833984375,819.2008666992188,1255.9119873046875,1238.9891357421875,374.6531677246094,2396.5859375,200.22329711914062
2026-03-13,1196.3773193359375,1287.3590087890625,803.7071533203125,1244.3099365234375,1221.8597412109375,366.2177429199219,2365.284423828125,195.34896850585938
2026-03-16,1213.763916015625,1290.4671630859375,826.9231567382812,1262.258544921875,1223.3280029296875,369.21258544921875,2364.0087890625,192.9068603515625
2026-03-17,1227.153564453125,1283.182373046875,831.5958251953125,1277.9263916015625,1206.785888671875,373.5550842285156,2346.8369140625,189.15965270996094
2026-03-18,1252.2342529296875,1318.246337890625,829.333251953125,1278.521484375,1240.261474609375,374.75299072265625,2395.01611328125,192.1060028076172
2026-03-19,1206.06982421875,1274.1494140625,785.2130126953125,1239.6490478515625,1194.9422607421875,367.5155029296875,2311.806640625,186.2825164794922
2026-03-20,1202.9722900390625,1295.4207763671875,767.7518310546875,1234.9884033203125,1229.2987060546875,366.117919921875,2345.7578125,188.744384765625
2026-03-23,1169.6978759765625,1319.606201171875,732.04248046875,1212.4781494140625,1230.1796875,355.93548583984375,2339.085205078125,185.42233276367188
2026-03-24,1191.78076171875,1333.88427734375,752.454833984375,1240.7398681640625,1251.224365234375,366.2177429199219,2353.803955078125,186.60879516601562
2026-03-25,1221.158203125,1341.6546630859375,769.5717163085938,1249.1688232421875,1252.00732421875,370.4604187011719,2332.80517578125,186.915283203125
2026-03-27,1204.271240234375,1325.23974609375,743.8963623046875,1223.4854736328125,1242.806396484375,365.5189514160156,2344.97265625,189.43649291992188
2026-03-30,1160.4051513671875,1303.093994140625,719.6473999023438,1195.8187255859375,1224.1109619140625,352.7909240722656,2314.652099609375,185.52120971679688
2026-04-01,1192.1805419921875,1315.5267333984375,730.17333984375,1202.561767578125,1248.6793212890625,355.43634033203125,2363.027587890625,189.02122497558594
2026-04-02,1196.9769287109375,1361.9547119140625,738.6826171875,1205.635986328125,1273.247802734375,357.38299560546875,2404.730224609375,192.70912170410156
2026-04-06,1244.34033203125,1363.023193359375,758.45556640625,1221.10546875,1278.5333251953125,359.9285888671875,2427.4951171875,195.06224060058594
2026-04-07,1249.1365966796875,1400.223876953125,759.4392700195312,1235.0875244140625,1311.0301513671875,362.3244934082031,2492.1591796875,202.40834045410156
2026-04-08,1331.9727783203125,1419.067138671875,802.82177734375,1298.2550048828125,1317.68603515625,379.49481201171875,2511.195068359375,201.12301635742188
2026-04-09,1317.48388671875,1422.855224609375,784.72119140625,1270.58837890625,1303.395263671875,371.259033203125,2540.43603515625,200.5792236328125
2026-04-10,1349.759033203125,1409.5484619140625,797.1161499023438,1310.848876953125,1265.12353515625,373.9044494628906,2476.94970703125,202.56654357910156
2026-04-13,1352.556884765625,1388.3741455078125,781.7699584960938,1339.8046875,1249.756103515625,371.259033203125,2426.2197265625,200.6781005859375
2026-04-15,1354.4554443359375,1409.6455078125,796.72265625,1336.829833984375,1277.6524658203125,381.7409362792969,2506.9755859375,207.3815460205078
2026-04-16,1348.5599365234375,1408.5770263671875,782.5077514648438,1334.2515869140625,1291.2579345703125,378.4965515136719,2528.56298828125,207.88577270507812
2026-04-17,1358.0526123046875,1400.90380859375,786.8853759765625,1335.540771484375,1290.7685546875,382.9388732910156,2533.076904296875,202.0128631591797
2026-04-20,1353.656005859375,1387.3056640625,782.5077514648438,1344.862060546875,1284.7977294921875,378.5464782714844,2531.212646484375,200.19363403320312
2026-04-21,1376.6383056640625,1399.8353271484375,798.5425415039062,1376.79296875,1285.385009765625,381.4913635253906,2561.532958984375,202.695068359375
2026-04-22,1378.536865234375,1248.4100341796875,786.8853759765625,1356.166748046875,1241.729736328125,376.2005310058594,2490.88330078125,201.69647216796875
2026-04-23,1368.5445556640625,1240.9310302734375,771.5883178710938,1336.730712890625,1214.32275390625,369.7616271972656,2474.49658203125,200.47047424316406
2026-04-24,1364.847412109375,1191.040283203125,772.0802001953125,1315.1129150390625,1130.144287109375,370.2108459472656,2351.939453125,197.10887145996094
2026-04-27,1323.179443359375,1215.78759765625,776.9496459960938,1303.114013671875,1145.5118408203125,376.15057373046875,2401.6884765625,202.734619140625
2026-04-28,1288.0067138671875,1183.9130859375,769.817626953125,1281.1988525390625,1127.697265625,377.2986145019531,2398.8427734375,199.30380249023438
2026-04-29,1295.4010009765625,1188.0706787109375,766.3253784179688,1270.290771484375,1142.7711181640625,381.3416442871094,2428.280029296875,198.41395568847656
2026-04-30,1267.3226318359375,1186.9818115234375,759.1441650390625,1252.8380126953125,1156.768310546875,382.6393737792969,2427.4951171875,198.38429260253906
2026-05-01,1267.3226318359375,1186.9818115234375,759.1441650390625,1252.8380126953125,1156.768310546875,382.6393737792969,2427.4951171875,198.38429260253906
2026-05-04,1274.1173095703125,1188.36767578125,766.7189331054688,1260.1761474609375,1143.652099609375,371.00946044921875,2385.6943359375,198.48316955566406
2026-05-05,1258.729248046875,1188.0706787109375,759.734375,1240.839111328125,1153.1466064453125,370.7099914550781,2381.769287109375,197.5241241455078
2026-05-06,1293.20263671875,1177.0828857421875,783.58984375,1268.8033447265625,1142.4774169921875,375.9509582519531,2389.717041015625,196.87156677246094
2026-05-07,1291.7037353515625,1171.4404296875,783.0979614257812,1268.3074951171875,1138.07275390625,378.7461242675781,2356.35498046875,195.13145446777344
2026-05-08,1267.3226318359375,1186.2889404296875,768.145263671875,1254.226318359375,1154.2232666015625,380.1436767578125,2349.486328125,195.6752471923828
2026-05-11,1271.319580078125,1182.82421875,751.2251586914062,1255.8128662109375,1152.0699462890625,380.39324951171875,2348.014404296875,194.45912170410156
2026-05-12,1259.12890625,1134.220458984375,738.2399291992188,1229.93115234375,1116.1473388671875,375.35198974609375,2257.151611328125,187.42941284179688
2026-05-13,1254.7322998046875,1131.646728515625,737.4037475585938,1225.2703857421875,1099.3115234375,376.9991149902344,2230.16748046875,185.6793975830078
2026-05-14,1253.6331787109375,1112.6407470703125,757.0291748046875,1235.5833740234375,1071.8067626953125,382.5395812988281,2203.8701171875,186.1737518310547
2026-05-15,1243.8408203125,1121.15380859375,755.0125122070312,1234.095947265625,1095.2984619140625,386.3829345703125,2221.5322265625,187.85455322265625
2026-05-18,1236.946044921875,1135.0123291015625,756.143798828125,1240.6407470703125,1118.3006591796875,391.1247253417969,2240.3720703125,190.0000457763672
2026-05-19,1237.3458251953125,1167.48095703125,750.044677734375,1230.4268798828125,1171.5484619140625,381.291748046875,2283.448974609375,192.96617126464844
2026-05-20,1248.8369140625,1157.9779052734375,747.1427001953125,1226.9561767578125,1168.4161376953125,382.5395812988281,2283.742919921875,194.89414978027344
2026-05-21,1252.334228515625,1156.39404296875,746.7984008789062,1232.41015625,1156.180908203125,380.1936340332031,2283.546875,197.4845733642578
2026-05-22,1284.409423828125,1152.236572265625,754.3239135742188,1253.73046875,1149.622802734375,383.4879150390625,2273.832763671875,200.8165283203125
2026-05-25,1310.189453125,1153.9193115234375,774.0476684570312,1281.0006103515625,1143.75,392.1729431152344,2295.61328125,204.50439453125
2026-05-26,1298.298828125,1150.15771484375,766.22705078125,1268.4066162109375,1142.966796875,387.98016357421875,2263.78759765625,201.4295196533203
2026-05-27,1303.094970703125,1153.42431640625,746.3065185546875,1262.0601806640625,1135.3321533203125,388.03009033203125,2271.744140625,199.30380249023438
2026-05-28,1303.094970703125,1153.42431640625,746.3065185546875,1262.0601806640625,1135.3321533203125,388.03009033203125,2271.744140625,199.30380249023438
2026-05-29,1285.6085205078125,1171.83642578125,732.4359130859375,1245.896484375,1136.3109130859375,383.537841796875,2246.58203125,201.9436492919922
2026-06-01,1274.916748046875,1183.022216796875,730.6160278320312,1229.3360595703125,1177.02978515625,376.7495422363281,2284.8720703125,204.0792694091797
2026-06-02,1250.1358642578125,1230.93310546875,736.0757446289062,1216.3455810546875,1243.8831787109375,378.3966979980469,2433.556884765625,207.47052001953125
2026-06-03,1254.232666015625,1167.0849609375,741.3878784179688,1231.6168212890625,1196.7039794921875,380.3433532714844,2229.475830078125,201.79534912109375
2026-06-04,1252.334228515625,1156.4931640625,741.9288940429688,1241.2357177734375,1175.855224609375,380.8424987792969,2228.77978515625,202.0128631591797
2026-06-05,1271.319580078125,1143.0303955078125,734.8952026367188,1251.548828125,1172.1357421875,376.79949951171875,2186.9091796875,196.13003540039062
2026-06-08,1267.1226806640625,1139.6649169921875,726.6319580078125,1239.748291015625,1162.4453125,376.4500732421875,2139.668212890625,179.7075958251953
2026-06-09,1291.404052734375,1134.7154541015625,726.3367919921875,1264.3409423828125,1155.300048828125,381.04217529296875,2139.2705078125,179.61862182617188
2026-06-10,1313.487060546875,1120.658935546875,734.698486328125,1282.488037109375,1145.300048828125,387.4311218261719,2142.154541015625,176.9095458984375
2026-06-11,1316.284912109375,1098.980224609375,732.485107421875,1305.9898681640625,1114.5999755859375,392.6720886230469,2123.95458984375,175.36717224121094
2026-06-12,1355.2548828125,1098.38623046875,759.8819580078125,1329.5909423828125,1116.4000244140625,402.60491943359375,2149.61376953125,178.10589599609375
2026-06-15,1367.24560546875,1107.98828125,764.7022094726562,1316.501220703125,1134.9000244140625,405.0506896972656,2150.21044921875,179.33189392089844
2026-06-16,1364.6474609375,1147.2869873046875,772.1294555664062,1323.145263671875,1143.5999755859375,407.1470947265625,2187.0087890625,180.60733032226562
2026-06-17,1349.8590087890625,1155.00830078125,774.2935791015625,1325.6243896484375,1157.699951171875,403.8028564453125,2210.8779296875,182.3870086669922
2026-06-18,1359.0518798828125,1150.058837890625,786.0,1331.078369140625,1127.5,402.25555419921875,2191.285400390625,180.77540588378906
2026-06-19,1356.8536376953125,1120.262939453125,779.7999877929688,1335.2431640625,1051.4000244140625,398.5619201660156,2113.412353515625,178.75843811035156
2026-06-22,1357.552978515625,1119.0750732421875,786.4000244140625,1341.0938720703125,1065.4000244140625,401.4569091796875,2116.197021484375,178.1454315185547
2026-06-23,1362.44921875,1098.287353515625,774.6500244140625,1327.11181640625,1029.300048828125,400.957763671875,2048.368896484375,172.5196990966797
2026-06-24,1383.43310546875,1102.642822265625,793.2000122070312,1362.11669921875,1056.5999755859375,405.2503662109375,2097.49951171875,172.50979614257812
2026-06-25,1376.138671875,1089.576171875,796.2999877929688,1375.9005126953125,1041.199951171875,408.29510498046875,2083.27734375,173.02394104003906
2026-06-26,1376.138671875,1089.576171875,796.2999877929688,1375.9005126953125,1041.199951171875,408.29510498046875,2083.27734375,173.02394104003906
2026-06-29,1355.7545166015625,1091.259033203125,798.9000244140625,1375.9996337890625,1036.699951171875,394.818359375,2086.4599609375,173.49850463867188
2026-06-30,1344.6629638671875,1060.9683837890625,797.9500122070312,1363.7032470703125,1000.4000244140625,391.573974609375,2020.422119140625,168.4659881591797
2026-07-01,1367.6451416015625,1023.7482299804688,796.1500244140625,1368.264892578125,985.2999877929688,399.7598571777344,1971.788818359375,168.20892333984375
2026-07-02,1361.5499267578125,1067.20458984375,795.9000244140625,1388.2960205078125,1040.9000244140625,398.61181640625,2056.82275390625,172.0352325439453
2026-07-03,1341.065673828125,1127.4891357421875,801.0499877929688,1399.6007080078125,1047.199951171875,396.06622314453125,2082.083984375,174.09173583984375
2026-07-06,1338.567626953125,1122.7376708984375,829.8499755859375,1414.9710693359375,1042.199951171875,380.642822265625,2046.3798828125,172.35162353515625
2026-07-07,1339.966552734375,1156.39404296875,829.2999877929688,1402.873046875,1071.800048828125,381.04217529296875,2084.669921875,171.04652404785156
2026-07-08,1308.4908447265625,1134.0224609375,810.2999877929688,1369.05810546875,1069.300048828125,369.462158203125,2046.2803955078125,170.76968383789062
2026-07-09,1296.5999755859375,1138.77392578125,817.5499877929688,1369.1572265625,1050.800048828125,376.5,2038.323974609375,170.80921936035156
2026-07-10,1323.699951171875,1152.33544921875,824.9500122070312,1389.48583984375,1068.0,376.94921875,2057.717529296875,173.47874450683594
2026-07-13,1319.4000244140625,1208.8583984375,817.9500122070312,1397.716552734375,1102.5999755859375,383.987060546875,2169.604248046875,176.41519165039062
2026-07-14,1317.5999755859375,1154.9091796875,809.4000244140625,1395.9315185546875,1092.9000244140625,377.9974060058594,2188.60009765625,175.1397705078125
2026-07-15,1312.300048828125,1156.196044921875,815.4500122070312,1404.3604736328125,1076.300048828125,377.7478332519531,2189.199951171875,172.67788696289062
2026-07-16,1307.5999755859375,1175.4000244140625,808.2999877929688,1406.34375,1082.4000244140625,376.5,2201.0,175.73300170898438
2026-07-17,1328.5,1203.9000244140625,819.5999755859375,1432.2257080078125,1096.5,389.95001220703125,2269.0,174.0126495361328
2026-07-20,1256.0,1221.300048828125,777.5999755859375,1447.99267578125,1087.0999755859375,382.04998779296875,2251.10009765625,174.3883514404297
2026-07-21,1258.199951171875,1239.5,761.4500122070312,1450.868408203125,1073.5,385.95001220703125,2221.10009765625,172.99427795410156
2026-07-22,1238.4000244140625,1237.300048828125,753.1500244140625,1428.6556396484375,1052.0999755859375,381.1499938964844,2208.300048828125,172.4702606201172
2026-07-23,1223.0,1244.699951171875,747.25,1422.606689453125,1047.4000244140625,383.3500061035156,2242.89990234375,172.84597778320312
2026-07-24,1227.300048828125,1271.0,742.7999877929688,1420.9208984375,1040.9000244140625,384.75,2254.300048828125,175.1199951171875
2026-07-27,1227.5,1295.9000244140625,739.5499877929688,1433.6138916015625,1079.199951171875,384.6499938964844,2295.60009765625,178.52999877929688
2026-07-28,1223.5,1318.5999755859375,735.4000244140625,1418.8385009765625,1105.699951171875,385.29998779296875,2398.0,181.1199951171875
2026-07-29,1235.4000244140625,1344.300048828125,748.2000122070312,1425.879150390625,1155.5999755859375,390.20001220703125,2446.60009765625,183.61000061035156
2026-07-30,1228.9000244140625,1352.699951171875,753.9500122070312,1421.91259765625,1155.0999755859375,389.3999938964844,2431.800048828125,186.3300018310547
2026-07-31,1229.5,1346.9000244140625,748.1500244140625,1423.4000244140625,1130.0999755859375,390.29998779296875,2365.60009765625,183.64999389648438
2026-08-03,1272.0,1377.0,753.0,1460.0,1180.0,397.5,2473.699951171875,188.66000366210938
2026-08-04,1261.800048828125,1369.9000244140625,742.0,1454.5999755859375,1167.5,398.0,2460.0,186.3000030517578
2026-08-05,1253.9000244140625,1350.0,735.0,1450.0999755859375,1174.0,400.0,2413.0,186.99000549316406
2026-08-06,1256.0,1335.0,734.2999877929688,1457.5,1165.0,394.0,2373.0,186.1199951171875
2026-08-07,1238.0,1356.5999755859375,731.0,1421.0,1175.0999755859375,390.75,2452.699951171875,187.52999877929688
2026-08-10,1247.300048828125,1357.199951171875,731.0,1431.800048828125,1183.0,393.5,2425.699951171875,185.5
2026-08-11,1229.800048828125,1365.4000244140625,729.0,1429.5999755859375,1190.699951171875,392.8999938964844,2445.699951171875,184.60000610351562
2026-08-12,1230.0,1365.4000244140625,729.0,1431.699951171875,1176.0999755859375,390.5,2349.699951171875,183.94000244140625
2026-08-13,1221.800048828125,1370.0,725.0,1406.800048828125,1175.0,392.3999938964844,2375.0,183.10000610351562
2026-08-14,1217.4000244140625,1360.0,727.0,1417.0,1169.199951171875,391.1499938964844,2361.0,184.0
2026-08-17,1227.300048828125,1325.0,729.0,1415.300048828125,1139.9000244140625,392.70001220703125,2313.199951171875,181.89999389648438
2026-08-18,1243.0,1298.0,723.0,1412.0,1115.0,387.6499938964844,2280.0,178.05999755859375
2026-08-19,1235.0,1324.800048828125,720.0,1402.0,1119.800048828125,390.25,2289.0,179.5500030517578
2026-08-20,1251.0,1318.4000244140625,725.0499877929688,1411.9000244140625,1130.0,397.3500061035156,2298.0,181.0
2026-08-21,1245.800048828125,1302.5,726.9500122070312,1420.0,1121.0,402.79998779296875,2302.0,180.7899932861328
2026-08-24,1236.0,1322.0,729.0,1415.0,1130.0,401.45001220703125,2284.10009765625,181.30999755859375
2026-08-25,1235.0,1315.800048828125,727.5,1422.699951171875,1144.0,401.6000061035156,2296.199951171875,180.08999633789062
2026-08-26,1255.0,1298.5,727.2000122070312,1430.0,1120.0,416.70001220703125,2270.0,177.35000610351562
2026-08-27,1256.0,1282.0,711.0,1443.0,1110.800048828125,424.20001220703125,2248.39990234375,176.39999389648438
2026-08-28,1265.0,1316.0999755859375,720.2999877929688,1422.800048828125,1144.0,423.70001220703125,2342.0,180.9499969482422
2026-08-31,1300.0,1312.199951171875,709.0,1454.0,1133.800048828125,419.3999938964844,2399.300048828125,184.5
2026-09-01,1258.0,1351.4000244140625,711.9000244140625,1438.0,1156.0,425.0,2369.0,181.6999969482422
2026-09-02,1253.9000244140625,1331.5,700.7999877929688,1426.5,1140.0,423.5,2348.0,177.08999633789062
2026-09-03,1267.0,1319.0,706.6500244140625,1430.0,1130.300048828125,421.1499938964844,2320.10009765625,175.72000122070312
2026-09-04,1273.0,1293.4000244140625,712.0999755859375,1423.199951171875,1130.0,424.5,2304.0,176.39999389648438
2026-09-07,1266.0,1282.800048828125,710.5,1427.5,1087.5,422.1000061035156,2270.0,172.8000030517578
2026-09-08,1244.9000244140625,1277.0,703.0,1399.4000244140625,1082.0,419.25,2255.5,171.5
2026-09-09,1238.5,1229.800048828125,687.0999755859375,1389.0999755859375,1035.0,414.0,2208.0,167.0
2026-09-10,1246.0,1207.0,693.7999877929688,1384.5,1036.5,416.54998779296875,2204.10009765625,166.3000030517578
2026-09-11,1246.0,1206.0999755859375,708.25,1379.300048828125,1037.699951171875,419.0,2200.800048828125,167.39999389648438
2026-09-14,1246.0,1206.0999755859375,708.25,1379.300048828125,1037.699951171875,419.0,2200.800048828125,167.39999389648438
2026-09-15,1222.9000244140625,1253.699951171875,716.5499877929688,1350.4000244140625,1077.0,409.79998779296875,2251.0,170.0
2026-09-16,1241.0,1253.0,721.5,1358.800048828125,1060.0,415.0,2188.800048828125,166.88999938964844
2026-09-17,1240.0,1258.300048828125,713.0,1347.5999755859375,1058.5999755859375,416.5,2190.0,166.39999389648438
2026-09-18,1257.0,1249.300048828125,731.0,1338.9000244140625,1051.4000244140625,412.5,2105.0,166.8300018310547
2026-09-21,1250.0,1281.0,739.5,1345.0,1038.5,414.79998779296875,2128.699951171875,164.5500030517578
2026-09-22,1242.699951171875,1270.4000244140625,738.5999755859375,1339.5999755859375,1029.4000244140625,412.6499938964844,2105.0,166.0
2026-09-23,1243.199951171875,1256.699951171875,737.25,1340.0,1020.5,413.25,2089.60009765625,164.89999389648438
2026-09-24,1186.5,1243.5999755859375,728.9000244140625,1334.5,1014.5,405.0,2087.0,163.63999938964844
2026-09-25,1222.4000244140625,1258.0,735.5999755859375,1326.800048828125,1000.2000122070312,404.0,2082.0,164.02000427246094
